g,t,var,multiplier
101_CT_1,48,DT_Obl,29.714251713732192
101_CT_1,48,PowerGenerated,35.0
101_CT_1,48,UT_Obl,40.0
101_CT_1,48,UnitOn,30.0
101_CT_1,96,DT_Obl,29.714251713732192
101_CT_1,96,PowerGenerated,35.0
101_CT_1,96,UT_Obl,40.0
101_CT_1,96,UnitOn,30.0
101_CT_1,144,DT_Obl,29.714251713732192
101_CT_1,144,PowerGenerated,35.0
101_CT_1,144,UT_Obl,40.0
101_CT_1,144,UnitOn,30.0
101_CT_1,192,DT_Obl,29.714251713732192
101_CT_1,192,PowerGenerated,35.0
101_CT_1,192,UT_Obl,40.0
101_CT_1,192,UnitOn,30.0
101_CT_1,240,DT_Obl,29.714251713732192
101_CT_1,240,PowerGenerated,35.0
101_CT_1,240,UT_Obl,40.0
101_CT_1,240,UnitOn,30.0
101_CT_1,288,DT_Obl,29.714251713732192
101_CT_1,288,PowerGenerated,35.0
101_CT_1,288,UT_Obl,40.0
101_CT_1,288,UnitOn,30.0
101_CT_2,48,DT_Obl,29.714251713732192
101_CT_2,48,PowerGenerated,35.0
101_CT_2,48,UT_Obl,40.0
101_CT_2,48,UnitOn,30.0
101_CT_2,96,DT_Obl,29.714251713732192
101_CT_2,96,PowerGenerated,35.0
101_CT_2,96,UT_Obl,40.0
101_CT_2,96,UnitOn,30.0
101_CT_2,144,DT_Obl,29.714251713732192
101_CT_2,144,PowerGenerated,35.0
101_CT_2,144,UT_Obl,40.0
101_CT_2,144,UnitOn,30.0
101_CT_2,192,DT_Obl,29.714251713732192
101_CT_2,192,PowerGenerated,35.0
101_CT_2,192,UT_Obl,40.0
101_CT_2,192,UnitOn,30.0
101_CT_2,240,DT_Obl,29.714251713732192
101_CT_2,240,PowerGenerated,35.0
101_CT_2,240,UT_Obl,40.0
101_CT_2,240,UnitOn,30.0
101_CT_2,288,DT_Obl,29.714251713732192
101_CT_2,288,PowerGenerated,35.0
101_CT_2,288,UT_Obl,40.0
101_CT_2,288,UnitOn,30.0
101_STEAM_3,48,DT_Obl,32.0
101_STEAM_3,48,PowerGenerated,12.44470888390555
101_STEAM_3,48,UT_Obl,21.714013709857532
101_STEAM_3,48,UnitOn,30.0
101_STEAM_3,96,DT_Obl,34.195055871516736
101_STEAM_3,96,PowerGenerated,10.735696201022531
101_STEAM_3,96,UT_Obl,22.197642123161458
101_STEAM_3,96,UnitOn,29.268314709494422
101_STEAM_3,144,DT_Obl,34.02122482751161
101_STEAM_3,144,PowerGenerated,4.324428034389051
101_STEAM_3,144,UT_Obl,22.213587755394663
101_STEAM_3,144,UnitOn,29.397626111620482
101_STEAM_3,192,DT_Obl,33.52739649282515
101_STEAM_3,192,PowerGenerated,10.076607136869548
101_STEAM_3,192,UT_Obl,21.714013709857532
101_STEAM_3,192,UnitOn,29.490867835724956
101_STEAM_3,240,DT_Obl,32.748505410024464
101_STEAM_3,240,PowerGenerated,9.049606770707516
101_STEAM_3,240,UT_Obl,21.714013709857532
101_STEAM_3,240,UnitOn,29.750498196658512
101_STEAM_3,288,DT_Obl,34.403903938873555
101_STEAM_3,288,PowerGenerated,6.423390338396885
101_STEAM_3,288,UT_Obl,21.714013709857532
101_STEAM_3,288,UnitOn,29.19869868704215
101_STEAM_4,48,DT_Obl,32.0
101_STEAM_4,48,PowerGenerated,14.910876264067637
101_STEAM_4,48,UT_Obl,21.714013709857532
101_STEAM_4,48,UnitOn,30.0
101_STEAM_4,96,DT_Obl,34.195055871516736
101_STEAM_4,96,PowerGenerated,12.340856757751277
101_STEAM_4,96,UT_Obl,22.15950571364453
101_STEAM_4,96,UnitOn,29.268314709494422
101_STEAM_4,144,DT_Obl,34.69051544659181
101_STEAM_4,144,PowerGenerated,3.0364166308215035
101_STEAM_4,144,UT_Obl,22.213587755394663
101_STEAM_4,144,UnitOn,29.17452923859375
101_STEAM_4,192,DT_Obl,33.14777451048234
101_STEAM_4,192,PowerGenerated,6.818052714364084
101_STEAM_4,192,UT_Obl,21.714013709857532
101_STEAM_4,192,UnitOn,29.617408496505888
101_STEAM_4,240,DT_Obl,32.748505410024464
101_STEAM_4,240,PowerGenerated,11.168037632945568
101_STEAM_4,240,UT_Obl,21.714013709857532
101_STEAM_4,240,UnitOn,29.750498196658512
101_STEAM_4,288,DT_Obl,33.57628600115504
101_STEAM_4,288,PowerGenerated,6.089553619930698
101_STEAM_4,288,UT_Obl,21.714013709857532
101_STEAM_4,288,UnitOn,29.474571332948326
102_CT_1,48,DT_Obl,29.714251713732192
102_CT_1,48,PowerGenerated,35.0
102_CT_1,48,UT_Obl,40.0
102_CT_1,48,UnitOn,30.0
102_CT_1,96,DT_Obl,29.714251713732192
102_CT_1,96,PowerGenerated,35.0
102_CT_1,96,UT_Obl,40.0
102_CT_1,96,UnitOn,30.0
102_CT_1,144,DT_Obl,29.714251713732192
102_CT_1,144,PowerGenerated,35.0
102_CT_1,144,UT_Obl,40.0
102_CT_1,144,UnitOn,30.0
102_CT_1,192,DT_Obl,29.714251713732192
102_CT_1,192,PowerGenerated,35.0
102_CT_1,192,UT_Obl,40.0
102_CT_1,192,UnitOn,30.0
102_CT_1,240,DT_Obl,29.714251713732192
102_CT_1,240,PowerGenerated,35.0
102_CT_1,240,UT_Obl,40.0
102_CT_1,240,UnitOn,30.0
102_CT_1,288,DT_Obl,29.714251713732192
102_CT_1,288,PowerGenerated,35.0
102_CT_1,288,UT_Obl,40.0
102_CT_1,288,UnitOn,30.0
102_CT_2,48,DT_Obl,29.714251713732192
102_CT_2,48,PowerGenerated,35.0
102_CT_2,48,UT_Obl,40.0
102_CT_2,48,UnitOn,30.0
102_CT_2,96,DT_Obl,29.714251713732192
102_CT_2,96,PowerGenerated,35.0
102_CT_2,96,UT_Obl,40.0
102_CT_2,96,UnitOn,30.0
102_CT_2,144,DT_Obl,29.714251713732192
102_CT_2,144,PowerGenerated,35.0
102_CT_2,144,UT_Obl,40.0
102_CT_2,144,UnitOn,30.0
102_CT_2,192,DT_Obl,29.714251713732192
102_CT_2,192,PowerGenerated,35.0
102_CT_2,192,UT_Obl,40.0
102_CT_2,192,UnitOn,30.0
102_CT_2,240,DT_Obl,29.714251713732192
102_CT_2,240,PowerGenerated,35.0
102_CT_2,240,UT_Obl,40.0
102_CT_2,240,UnitOn,30.0
102_CT_2,288,DT_Obl,29.714251713732192
102_CT_2,288,PowerGenerated,35.0
102_CT_2,288,UT_Obl,40.0
102_CT_2,288,UnitOn,30.0
102_STEAM_3,48,DT_Obl,32.224137750023
102_STEAM_3,48,PowerGenerated,12.71983415719086
102_STEAM_3,48,UT_Obl,23.99976199612534
102_STEAM_3,48,UnitOn,29.925287416659
102_STEAM_3,96,DT_Obl,34.195055871516736
102_STEAM_3,96,PowerGenerated,9.687289120049222
102_STEAM_3,96,UT_Obl,23.99976199612534
102_STEAM_3,96,UnitOn,29.268314709494422
102_STEAM_3,144,DT_Obl,32.994129823246254
102_STEAM_3,144,PowerGenerated,6.401604461333818
102_STEAM_3,144,UT_Obl,25.096832907945988
102_STEAM_3,144,UnitOn,29.616381920259787
102_STEAM_3,192,DT_Obl,32.975483437397585
102_STEAM_3,192,PowerGenerated,10.099240718214304
102_STEAM_3,192,UT_Obl,22.559182655918466
102_STEAM_3,192,UnitOn,29.674838854200807
102_STEAM_3,240,DT_Obl,34.10665149181561
102_STEAM_3,240,PowerGenerated,8.82883943023291
102_STEAM_3,240,UT_Obl,21.714013709857532
102_STEAM_3,240,UnitOn,29.29778283606146
102_STEAM_3,288,DT_Obl,33.5721395041885
102_STEAM_3,288,PowerGenerated,8.526741792317022
102_STEAM_3,288,UT_Obl,21.714013709857532
102_STEAM_3,288,UnitOn,29.475953498603843
102_STEAM_4,48,DT_Obl,32.0
102_STEAM_4,48,PowerGenerated,11.696877829542323
102_STEAM_4,48,UT_Obl,23.99976199612534
102_STEAM_4,48,UnitOn,30.0
102_STEAM_4,96,DT_Obl,35.06772143661125
102_STEAM_4,96,PowerGenerated,13.811943528522052
102_STEAM_4,96,UT_Obl,23.99976199612534
102_STEAM_4,96,UnitOn,28.97742618779625
102_STEAM_4,144,DT_Obl,33.439383970078815
102_STEAM_4,144,PowerGenerated,6.467359603983368
102_STEAM_4,144,UT_Obl,23.99976199612534
102_STEAM_4,144,UnitOn,29.52020534330706
102_STEAM_4,192,DT_Obl,32.46095021468765
102_STEAM_4,192,PowerGenerated,8.713850154578392
102_STEAM_4,192,UT_Obl,22.559182655918466
102_STEAM_4,192,UnitOn,29.846349928437448
102_STEAM_4,240,DT_Obl,34.124447003566694
102_STEAM_4,240,PowerGenerated,11.448972528660436
102_STEAM_4,240,UT_Obl,21.714013709857532
102_STEAM_4,240,UnitOn,29.2918509988111
102_STEAM_4,288,DT_Obl,33.716126089522334
102_STEAM_4,288,PowerGenerated,8.182071373500907
102_STEAM_4,288,UT_Obl,21.714013709857532
102_STEAM_4,288,UnitOn,29.427957970159227
107_CC_1,48,DT_Obl,22.101719485129895
107_CC_1,48,PowerGenerated,5.567422337888342
107_CC_1,48,UT_Obl,39.945970590850294
107_CC_1,48,UnitOn,29.90469789594705
107_CC_1,96,DT_Obl,23.17916223540625
107_CC_1,96,PowerGenerated,1.2140714095279677
107_CC_1,96,UT_Obl,41.98649701222837
107_CC_1,96,UnitOn,29.88937433975549
107_CC_1,144,DT_Obl,22.425301193791267
107_CC_1,144,PowerGenerated,13.708851688116907
107_CC_1,144,UT_Obl,40.852290406508274
107_CC_1,144,UnitOn,29.91856477750221
107_CC_1,192,DT_Obl,22.210836845742033
107_CC_1,192,PowerGenerated,10.957469304329047
107_CC_1,192,UT_Obl,40.32848322438912
107_CC_1,192,UnitOn,29.90501070807068
107_CC_1,240,DT_Obl,23.143779792715566
107_CC_1,240,PowerGenerated,12.846642420321874
107_CC_1,240,UT_Obl,41.841194174979414
107_CC_1,240,UnitOn,29.88646625265731
107_CC_1,288,DT_Obl,26.241469166298238
107_CC_1,288,PowerGenerated,17.170552746227123
107_CC_1,288,UT_Obl,45.670908212026994
107_CC_1,288,UnitOn,29.656010192026542
113_CT_1,48,DT_Obl,28.11039877570271
113_CT_1,48,PowerGenerated,1.1213940942012224
113_CT_1,48,UT_Obl,40.0
113_CT_1,48,UnitOn,29.05079582875675
113_CT_1,96,DT_Obl,27.634698690248936
113_CT_1,96,PowerGenerated,9.842562327520502
113_CT_1,96,UT_Obl,40.0
113_CT_1,96,UnitOn,29.447212566634903
113_CT_1,144,DT_Obl,27.606770501402018
113_CT_1,144,PowerGenerated,10.81967690979477
113_CT_1,144,UT_Obl,40.0
113_CT_1,144,UnitOn,29.470486057340672
113_CT_1,192,DT_Obl,27.42702709209082
113_CT_1,192,PowerGenerated,14.114972747166682
113_CT_1,192,UT_Obl,40.0
113_CT_1,192,UnitOn,29.620272231766666
113_CT_1,240,DT_Obl,27.913659472133496
113_CT_1,240,PowerGenerated,4.728281326303531
113_CT_1,240,UT_Obl,40.0
113_CT_1,240,UnitOn,29.21474524839777
113_CT_1,288,DT_Obl,27.94424935323531
113_CT_1,288,PowerGenerated,8.995408753205282
113_CT_1,288,UT_Obl,40.09942374343329
113_CT_1,288,UnitOn,29.284425906692597
113_CT_2,48,DT_Obl,27.890750066435647
113_CT_2,48,PowerGenerated,5.148287097430652
113_CT_2,48,UT_Obl,40.0
113_CT_2,48,UnitOn,29.233836419812633
113_CT_2,96,DT_Obl,27.740911465943253
113_CT_2,96,PowerGenerated,7.895328106458045
113_CT_2,96,UT_Obl,40.0
113_CT_2,96,UnitOn,29.358701920222973
113_CT_2,144,DT_Obl,27.606770501402018
113_CT_2,144,PowerGenerated,10.81967690979477
113_CT_2,144,UT_Obl,40.0
113_CT_2,144,UnitOn,29.470486057340672
113_CT_2,192,DT_Obl,27.42702709209082
113_CT_2,192,PowerGenerated,14.114972747166682
113_CT_2,192,UT_Obl,40.0
113_CT_2,192,UnitOn,29.620272231766666
113_CT_2,240,DT_Obl,27.443939738881635
113_CT_2,240,PowerGenerated,13.339809769254309
113_CT_2,240,UT_Obl,40.0
113_CT_2,240,UnitOn,29.606178359440985
113_CT_2,288,DT_Obl,27.73285299700372
113_CT_2,288,PowerGenerated,8.314087043425221
113_CT_2,288,UT_Obl,40.0
113_CT_2,288,UnitOn,29.37773641735784
113_CT_3,48,DT_Obl,27.831984007355278
113_CT_3,48,PowerGenerated,6.225664847237471
113_CT_3,48,UT_Obl,40.0
113_CT_3,48,UnitOn,29.282808135712944
113_CT_3,96,DT_Obl,27.740911465943253
113_CT_3,96,PowerGenerated,7.895328106458045
113_CT_3,96,UT_Obl,40.0
113_CT_3,96,UnitOn,29.358701920222973
113_CT_3,144,DT_Obl,27.606770501402018
113_CT_3,144,PowerGenerated,10.81967690979477
113_CT_3,144,UT_Obl,40.0
113_CT_3,144,UnitOn,29.470486057340672
113_CT_3,192,DT_Obl,27.42702709209082
113_CT_3,192,PowerGenerated,14.114972747166682
113_CT_3,192,UT_Obl,40.0
113_CT_3,192,UnitOn,29.620272231766666
113_CT_3,240,DT_Obl,27.54277370442298
113_CT_3,240,PowerGenerated,11.527853734329623
113_CT_3,240,UT_Obl,40.0
113_CT_3,240,UnitOn,29.52381672148986
113_CT_3,288,DT_Obl,28.449090361523197
113_CT_3,288,PowerGenerated,7.5155084946969835
113_CT_3,288,UT_Obl,40.274984584884464
113_CT_3,288,UnitOn,28.997706661310072
113_CT_4,48,DT_Obl,27.99043828636169
113_CT_4,48,PowerGenerated,3.3206697321198457
113_CT_4,48,UT_Obl,40.0
113_CT_4,48,UnitOn,29.150762903207596
113_CT_4,96,DT_Obl,27.65221390020933
113_CT_4,96,PowerGenerated,9.521450144913262
113_CT_4,96,UT_Obl,40.0
113_CT_4,96,UnitOn,29.432616558334573
113_CT_4,144,DT_Obl,27.606770501402018
113_CT_4,144,PowerGenerated,10.81967690979477
113_CT_4,144,UT_Obl,40.0
113_CT_4,144,UnitOn,29.470486057340672
113_CT_4,192,DT_Obl,27.42702709209082
113_CT_4,192,PowerGenerated,14.114972747166682
113_CT_4,192,UT_Obl,40.0
113_CT_4,192,UnitOn,29.620272231766666
113_CT_4,240,DT_Obl,27.892532948333823
113_CT_4,240,PowerGenerated,5.115600929297468
113_CT_4,240,UT_Obl,40.0
113_CT_4,240,UnitOn,29.23235068489749
113_CT_4,288,DT_Obl,28.15445302860057
113_CT_4,288,PowerGenerated,8.948081300488806
113_CT_4,288,UT_Obl,40.18838578565997
113_CT_4,288,UnitOn,29.171072106058503
115_STEAM_1,48,DT_Obl,27.42850342746438
115_STEAM_1,48,PowerGenerated,35.0
115_STEAM_1,48,UT_Obl,40.0
115_STEAM_1,48,UnitOn,30.0
115_STEAM_1,96,DT_Obl,27.42850342746438
115_STEAM_1,96,PowerGenerated,35.0
115_STEAM_1,96,UT_Obl,40.0
115_STEAM_1,96,UnitOn,30.0
115_STEAM_1,144,DT_Obl,27.42850342746438
115_STEAM_1,144,PowerGenerated,35.0
115_STEAM_1,144,UT_Obl,40.0
115_STEAM_1,144,UnitOn,30.0
115_STEAM_1,192,DT_Obl,27.42850342746438
115_STEAM_1,192,PowerGenerated,35.0
115_STEAM_1,192,UT_Obl,40.0
115_STEAM_1,192,UnitOn,30.0
115_STEAM_1,240,DT_Obl,27.42850342746438
115_STEAM_1,240,PowerGenerated,35.0
115_STEAM_1,240,UT_Obl,40.0
115_STEAM_1,240,UnitOn,30.0
115_STEAM_1,288,DT_Obl,27.42850342746438
115_STEAM_1,288,PowerGenerated,35.0
115_STEAM_1,288,UT_Obl,40.0
115_STEAM_1,288,UnitOn,30.0
115_STEAM_2,48,DT_Obl,27.42850342746438
115_STEAM_2,48,PowerGenerated,35.0
115_STEAM_2,48,UT_Obl,40.0
115_STEAM_2,48,UnitOn,30.0
115_STEAM_2,96,DT_Obl,27.42850342746438
115_STEAM_2,96,PowerGenerated,35.0
115_STEAM_2,96,UT_Obl,40.0
115_STEAM_2,96,UnitOn,30.0
115_STEAM_2,144,DT_Obl,27.42850342746438
115_STEAM_2,144,PowerGenerated,35.0
115_STEAM_2,144,UT_Obl,40.0
115_STEAM_2,144,UnitOn,30.0
115_STEAM_2,192,DT_Obl,27.42850342746438
115_STEAM_2,192,PowerGenerated,35.0
115_STEAM_2,192,UT_Obl,40.0
115_STEAM_2,192,UnitOn,30.0
115_STEAM_2,240,DT_Obl,27.42850342746438
115_STEAM_2,240,PowerGenerated,35.0
115_STEAM_2,240,UT_Obl,40.0
115_STEAM_2,240,UnitOn,30.0
115_STEAM_2,288,DT_Obl,27.42850342746438
115_STEAM_2,288,PowerGenerated,35.0
115_STEAM_2,288,UT_Obl,40.0
115_STEAM_2,288,UnitOn,30.0
115_STEAM_3,48,DT_Obl,28.700960863997818
115_STEAM_3,48,PowerGenerated,3.2261983397724556
115_STEAM_3,48,UT_Obl,40.0
115_STEAM_3,48,UnitOn,30.14475583567633
115_STEAM_3,96,DT_Obl,27.565147721235896
115_STEAM_3,96,PowerGenerated,10.446872714786679
115_STEAM_3,96,UT_Obl,40.0
115_STEAM_3,96,UnitOn,30.31965923412975
115_STEAM_3,144,DT_Obl,19.42063995620756
115_STEAM_3,144,PowerGenerated,5.792106020459348
115_STEAM_3,144,UT_Obl,40.67882764204251
115_STEAM_3,144,UnitOn,30.513307015273142
115_STEAM_3,192,DT_Obl,21.358186748281074
115_STEAM_3,192,PowerGenerated,9.221844754521669
115_STEAM_3,192,UT_Obl,40.425535877721515
115_STEAM_3,192,UnitOn,30.792553746525005
115_STEAM_3,240,DT_Obl,29.121972886198066
115_STEAM_3,240,PowerGenerated,8.133261762676945
115_STEAM_3,240,UT_Obl,39.31959076244415
115_STEAM_3,240,UnitOn,30.331792671336412
115_STEAM_3,288,DT_Obl,32.53337589019499
115_STEAM_3,288,PowerGenerated,11.98118977810828
115_STEAM_3,288,UT_Obl,23.286751806367903
115_STEAM_3,288,UnitOn,29.92380344425786
116_STEAM_1,48,DT_Obl,32.0
116_STEAM_1,48,PowerGenerated,15.13668001505192
116_STEAM_1,48,UT_Obl,23.99976199612534
116_STEAM_1,48,UnitOn,30.0
116_STEAM_1,96,DT_Obl,32.57721242363314
116_STEAM_1,96,PowerGenerated,5.656725957706733
116_STEAM_1,96,UT_Obl,25.04234053415168
116_STEAM_1,96,UnitOn,29.89626396931718
116_STEAM_1,144,DT_Obl,27.43520112022713
116_STEAM_1,144,PowerGenerated,8.841488953859717
116_STEAM_1,144,UT_Obl,28.458379888747476
116_STEAM_1,144,UnitOn,30.561121923791585
116_STEAM_1,192,DT_Obl,30.31309715585272
116_STEAM_1,192,PowerGenerated,11.277938100670546
116_STEAM_1,192,UT_Obl,25.80673211579615
116_STEAM_1,192,UnitOn,30.204109179374694
116_STEAM_1,240,DT_Obl,32.94182902664634
116_STEAM_1,240,PowerGenerated,12.95501397048695
116_STEAM_1,240,UT_Obl,28.044250971221242
116_STEAM_1,240,UnitOn,30.15036263977861
116_STEAM_1,288,DT_Obl,32.42892869609846
116_STEAM_1,288,PowerGenerated,11.81012672949708
116_STEAM_1,288,UT_Obl,22.513750305464313
116_STEAM_1,288,UnitOn,30.03869154643678
118_CC_1,48,DT_Obl,22.04769007598019
118_CC_1,48,PowerGenerated,11.326957353246897
118_CC_1,48,UT_Obl,40.0
118_CC_1,48,UnitOn,29.90469789594705
118_CC_1,96,DT_Obl,22.210836845742033
118_CC_1,96,PowerGenerated,9.996069178959617
118_CC_1,96,UT_Obl,40.32848322438912
118_CC_1,96,UnitOn,29.90501070807068
118_CC_1,144,DT_Obl,22.04769007598019
118_CC_1,144,PowerGenerated,11.326957353246897
118_CC_1,144,UT_Obl,40.0
118_CC_1,144,UnitOn,29.90469789594705
118_CC_1,192,DT_Obl,22.210836845742033
118_CC_1,192,PowerGenerated,16.07164087286366
118_CC_1,192,UT_Obl,40.423834873151556
118_CC_1,192,UnitOn,29.9186323721796
118_CC_1,240,DT_Obl,22.210836845742033
118_CC_1,240,PowerGenerated,11.40465988475714
118_CC_1,240,UT_Obl,40.32848322438912
118_CC_1,240,UnitOn,29.90501070807068
118_CC_1,288,DT_Obl,25.66887036537829
118_CC_1,288,PowerGenerated,7.74525869244502
118_CC_1,288,UT_Obl,46.064505238614004
118_CC_1,288,UnitOn,29.757824114345297
121_NUCLEAR_1,48,DT_Obl,32.0
121_NUCLEAR_1,48,PowerGenerated,33.77476024629604
121_NUCLEAR_1,48,UT_Obl,0.23042016558399614
121_NUCLEAR_1,48,UnitOn,30.0
121_NUCLEAR_1,96,DT_Obl,34.20553022089834
121_NUCLEAR_1,96,PowerGenerated,15.765120865497074
121_NUCLEAR_1,96,UT_Obl,0.23042016558399614
121_NUCLEAR_1,96,UnitOn,29.95307382508727
121_NUCLEAR_1,144,DT_Obl,34.20553022089834
121_NUCLEAR_1,144,PowerGenerated,12.204566443211478
121_NUCLEAR_1,144,UT_Obl,0.23042016558399614
121_NUCLEAR_1,144,UnitOn,29.95307382508727
121_NUCLEAR_1,192,DT_Obl,34.20553022089834
121_NUCLEAR_1,192,PowerGenerated,14.000295452016926
121_NUCLEAR_1,192,UT_Obl,0.23042016558399614
121_NUCLEAR_1,192,UnitOn,29.95307382508727
121_NUCLEAR_1,240,DT_Obl,34.20553022089834
121_NUCLEAR_1,240,PowerGenerated,15.847872328434566
121_NUCLEAR_1,240,UT_Obl,0.23042016558399614
121_NUCLEAR_1,240,UnitOn,29.95307382508727
121_NUCLEAR_1,288,DT_Obl,34.19082805108763
121_NUCLEAR_1,288,PowerGenerated,15.44708484158079
121_NUCLEAR_1,288,UT_Obl,0.23042016558399614
121_NUCLEAR_1,288,UnitOn,29.9533866372109
123_CT_1,48,DT_Obl,28.212460161336086
123_CT_1,48,PowerGenerated,-0.7497313090773678
123_CT_1,48,UT_Obl,40.0
123_CT_1,48,UnitOn,28.965744674062268
123_CT_1,96,DT_Obl,27.740911465943253
123_CT_1,96,PowerGenerated,7.895328106458045
123_CT_1,96,UT_Obl,40.0
123_CT_1,96,UnitOn,29.358701920222973
123_CT_1,144,DT_Obl,27.606770501402018
123_CT_1,144,PowerGenerated,10.81967690979477
123_CT_1,144,UT_Obl,40.0
123_CT_1,144,UnitOn,29.470486057340672
123_CT_1,192,DT_Obl,27.42702709209082
123_CT_1,192,PowerGenerated,14.114972747166682
123_CT_1,192,UT_Obl,40.0
123_CT_1,192,UnitOn,29.620272231766666
123_CT_1,240,DT_Obl,28.01249343767484
123_CT_1,240,PowerGenerated,7.473246865404638
123_CT_1,240,UT_Obl,40.09942374343329
123_CT_1,240,UnitOn,29.215236729974386
123_CT_1,288,DT_Obl,28.359435261513998
123_CT_1,288,PowerGenerated,4.5901419149219596
123_CT_1,288,UT_Obl,40.17529636495842
123_CT_1,288,UnitOn,28.989345728046036
123_CT_4,48,DT_Obl,28.212460161336086
123_CT_4,48,PowerGenerated,-0.7497313090773678
123_CT_4,48,UT_Obl,40.0
123_CT_4,48,UnitOn,28.965744674062268
123_CT_4,96,DT_Obl,27.740911465943253
123_CT_4,96,PowerGenerated,7.895328106458045
123_CT_4,96,UT_Obl,40.0
123_CT_4,96,UnitOn,29.358701920222973
123_CT_4,144,DT_Obl,27.696566018336732
123_CT_4,144,PowerGenerated,9.1734257659917
123_CT_4,144,UT_Obl,40.0
123_CT_4,144,UnitOn,29.39565645989508
123_CT_4,192,DT_Obl,27.42702709209082
123_CT_4,192,PowerGenerated,14.114972747166682
123_CT_4,192,UT_Obl,40.0
123_CT_4,192,UnitOn,29.620272231766666
123_CT_4,240,DT_Obl,28.01249343767484
123_CT_4,240,PowerGenerated,7.473246865404638
123_CT_4,240,UT_Obl,40.09942374343329
123_CT_4,240,UnitOn,29.215236729974386
123_CT_4,288,DT_Obl,28.15445302860057
123_CT_4,288,PowerGenerated,4.379037887211789
123_CT_4,288,UT_Obl,40.08869756573392
123_CT_4,288,UnitOn,29.087998589453466
123_CT_5,48,DT_Obl,27.824415892862444
123_CT_5,48,PowerGenerated,6.364413612939471
123_CT_5,48,UT_Obl,40.0
123_CT_5,48,UnitOn,29.28911489779031
123_CT_5,96,DT_Obl,27.65221390020933
123_CT_5,96,PowerGenerated,9.521450144913262
123_CT_5,96,UT_Obl,40.0
123_CT_5,96,UnitOn,29.432616558334573
123_CT_5,144,DT_Obl,27.606770501402018
123_CT_5,144,PowerGenerated,10.81967690979477
123_CT_5,144,UT_Obl,40.0
123_CT_5,144,UnitOn,29.470486057340672
123_CT_5,192,DT_Obl,27.42702709209082
123_CT_5,192,PowerGenerated,14.114972747166682
123_CT_5,192,UT_Obl,40.0
123_CT_5,192,UnitOn,29.620272231766666
123_CT_5,240,DT_Obl,27.892532948333823
123_CT_5,240,PowerGenerated,5.115600929297468
123_CT_5,240,UT_Obl,40.0
123_CT_5,240,UnitOn,29.23235068489749
123_CT_5,288,DT_Obl,28.27441351794159
123_CT_5,288,PowerGenerated,6.736683823318961
123_CT_5,288,UT_Obl,40.188121309167215
123_CT_5,288,UnitOn,29.070884634530362
123_STEAM_2,48,DT_Obl,14.709611662617306
123_STEAM_2,48,PowerGenerated,12.954616760319293
123_STEAM_2,48,UT_Obl,40.0
123_STEAM_2,48,UnitOn,29.857771721034318
123_STEAM_2,96,DT_Obl,14.709611662617306
123_STEAM_2,96,PowerGenerated,12.954616760319293
123_STEAM_2,96,UT_Obl,40.0
123_STEAM_2,96,UnitOn,29.857771721034318
123_STEAM_2,144,DT_Obl,14.709611662617306
123_STEAM_2,144,PowerGenerated,12.954616760319293
123_STEAM_2,144,UT_Obl,40.0
123_STEAM_2,144,UnitOn,29.857771721034318
123_STEAM_2,192,DT_Obl,15.035905202140995
123_STEAM_2,192,PowerGenerated,10.06458826739519
123_STEAM_2,192,UT_Obl,40.0
123_STEAM_2,192,UnitOn,29.81115835824522
123_STEAM_2,240,DT_Obl,14.709611662617306
123_STEAM_2,240,PowerGenerated,12.954616760319293
123_STEAM_2,240,UT_Obl,40.0
123_STEAM_2,240,UnitOn,29.857771721034318
123_STEAM_2,288,DT_Obl,17.22457420115309
123_STEAM_2,288,PowerGenerated,9.03559167109523
123_STEAM_2,288,UT_Obl,41.755637390782226
123_STEAM_2,288,UnitOn,29.749296699926667
123_STEAM_3,48,DT_Obl,102.60456293053372
123_STEAM_3,48,PowerGenerated,42.564117280958705
123_STEAM_3,48,UT_Obl,40.0
123_STEAM_3,48,UnitOn,30.054029409149706
123_STEAM_3,96,DT_Obl,35.41093966660114
123_STEAM_3,96,PowerGenerated,-1.067861843217429
123_STEAM_3,96,UT_Obl,38.91470903214006
123_STEAM_3,96,UnitOn,30.150424005105144
123_STEAM_3,144,DT_Obl,-2.8002100464311908
123_STEAM_3,144,PowerGenerated,17.404171906889026
123_STEAM_3,144,UT_Obl,58.546914633776105
123_STEAM_3,144,UnitOn,30.802016306523356
123_STEAM_3,192,DT_Obl,5.220656055108445
123_STEAM_3,192,PowerGenerated,14.116430367091475
123_STEAM_3,192,UT_Obl,36.601425388607936
123_STEAM_3,192,UnitOn,30.394236117236282
123_STEAM_3,240,DT_Obl,68.64104915507832
123_STEAM_3,240,PowerGenerated,16.669178765250518
123_STEAM_3,240,UT_Obl,24.24861306531351
123_STEAM_3,240,UnitOn,29.788517125885754
123_STEAM_3,288,DT_Obl,69.21130821529522
123_STEAM_3,288,PowerGenerated,-7.789660174484487
123_STEAM_3,288,UT_Obl,13.329462173085481
123_STEAM_3,288,UnitOn,29.603308028289238
201_CT_1,48,DT_Obl,29.714251713732192
201_CT_1,48,PowerGenerated,35.0
201_CT_1,48,UT_Obl,40.0
201_CT_1,48,UnitOn,30.0
201_CT_1,96,DT_Obl,29.714251713732192
201_CT_1,96,PowerGenerated,35.0
201_CT_1,96,UT_Obl,40.0
201_CT_1,96,UnitOn,30.0
201_CT_1,144,DT_Obl,29.714251713732192
201_CT_1,144,PowerGenerated,35.0
201_CT_1,144,UT_Obl,40.0
201_CT_1,144,UnitOn,30.0
201_CT_1,192,DT_Obl,29.714251713732192
201_CT_1,192,PowerGenerated,35.0
201_CT_1,192,UT_Obl,40.0
201_CT_1,192,UnitOn,30.0
201_CT_1,240,DT_Obl,29.714251713732192
201_CT_1,240,PowerGenerated,35.0
201_CT_1,240,UT_Obl,40.0
201_CT_1,240,UnitOn,30.0
201_CT_1,288,DT_Obl,29.714251713732192
201_CT_1,288,PowerGenerated,35.0
201_CT_1,288,UT_Obl,40.0
201_CT_1,288,UnitOn,30.0
201_CT_2,48,DT_Obl,29.714251713732192
201_CT_2,48,PowerGenerated,35.0
201_CT_2,48,UT_Obl,40.0
201_CT_2,48,UnitOn,30.0
201_CT_2,96,DT_Obl,29.714251713732192
201_CT_2,96,PowerGenerated,35.0
201_CT_2,96,UT_Obl,40.0
201_CT_2,96,UnitOn,30.0
201_CT_2,144,DT_Obl,29.714251713732192
201_CT_2,144,PowerGenerated,35.0
201_CT_2,144,UT_Obl,40.0
201_CT_2,144,UnitOn,30.0
201_CT_2,192,DT_Obl,29.714251713732192
201_CT_2,192,PowerGenerated,35.0
201_CT_2,192,UT_Obl,40.0
201_CT_2,192,UnitOn,30.0
201_CT_2,240,DT_Obl,29.714251713732192
201_CT_2,240,PowerGenerated,35.0
201_CT_2,240,UT_Obl,40.0
201_CT_2,240,UnitOn,30.0
201_CT_2,288,DT_Obl,29.714251713732192
201_CT_2,288,PowerGenerated,35.0
201_CT_2,288,UT_Obl,40.0
201_CT_2,288,UnitOn,30.0
201_STEAM_3,48,DT_Obl,29.867382167293233
201_STEAM_3,48,PowerGenerated,3.359439712507049
201_STEAM_3,48,UT_Obl,38.2312692471939
201_STEAM_3,48,UnitOn,29.2961698884472
201_STEAM_3,96,DT_Obl,28.793063596824194
201_STEAM_3,96,PowerGenerated,15.03303074092634
201_STEAM_3,96,UT_Obl,40.0
201_STEAM_3,96,UnitOn,30.307062705635996
201_STEAM_3,144,DT_Obl,28.090755324915825
201_STEAM_3,144,PowerGenerated,12.199738524560916
201_STEAM_3,144,UT_Obl,37.36931737572741
201_STEAM_3,144,UnitOn,29.822240528776472
201_STEAM_3,192,DT_Obl,27.355065133979014
201_STEAM_3,192,PowerGenerated,14.90556122474127
201_STEAM_3,192,UT_Obl,37.64480314045986
201_STEAM_3,192,UnitOn,30.326465092569578
201_STEAM_3,240,DT_Obl,30.028741261086036
201_STEAM_3,240,PowerGenerated,11.30935534215693
201_STEAM_3,240,UT_Obl,33.53317685819778
201_STEAM_3,240,UnitOn,30.18263091817371
201_STEAM_3,288,DT_Obl,33.20562086413071
201_STEAM_3,288,PowerGenerated,11.317671451258805
201_STEAM_3,288,UT_Obl,22.146399652482962
201_STEAM_3,288,UnitOn,29.598126378623103
202_CT_1,48,DT_Obl,29.714251713732192
202_CT_1,48,PowerGenerated,35.0
202_CT_1,48,UT_Obl,40.0
202_CT_1,48,UnitOn,30.0
202_CT_1,96,DT_Obl,29.714251713732192
202_CT_1,96,PowerGenerated,35.0
202_CT_1,96,UT_Obl,40.0
202_CT_1,96,UnitOn,30.0
202_CT_1,144,DT_Obl,29.714251713732192
202_CT_1,144,PowerGenerated,35.0
202_CT_1,144,UT_Obl,40.0
202_CT_1,144,UnitOn,30.0
202_CT_1,192,DT_Obl,29.714251713732192
202_CT_1,192,PowerGenerated,35.0
202_CT_1,192,UT_Obl,40.0
202_CT_1,192,UnitOn,30.0
202_CT_1,240,DT_Obl,29.714251713732192
202_CT_1,240,PowerGenerated,35.0
202_CT_1,240,UT_Obl,40.0
202_CT_1,240,UnitOn,30.0
202_CT_1,288,DT_Obl,29.714251713732192
202_CT_1,288,PowerGenerated,35.0
202_CT_1,288,UT_Obl,40.0
202_CT_1,288,UnitOn,30.0
202_CT_2,48,DT_Obl,29.714251713732192
202_CT_2,48,PowerGenerated,35.0
202_CT_2,48,UT_Obl,40.0
202_CT_2,48,UnitOn,30.0
202_CT_2,96,DT_Obl,29.714251713732192
202_CT_2,96,PowerGenerated,35.0
202_CT_2,96,UT_Obl,40.0
202_CT_2,96,UnitOn,30.0
202_CT_2,144,DT_Obl,29.714251713732192
202_CT_2,144,PowerGenerated,35.0
202_CT_2,144,UT_Obl,40.0
202_CT_2,144,UnitOn,30.0
202_CT_2,192,DT_Obl,29.714251713732192
202_CT_2,192,PowerGenerated,35.0
202_CT_2,192,UT_Obl,40.0
202_CT_2,192,UnitOn,30.0
202_CT_2,240,DT_Obl,29.714251713732192
202_CT_2,240,PowerGenerated,35.0
202_CT_2,240,UT_Obl,40.0
202_CT_2,240,UnitOn,30.0
202_CT_2,288,DT_Obl,29.714251713732192
202_CT_2,288,PowerGenerated,35.0
202_CT_2,288,UT_Obl,40.0
202_CT_2,288,UnitOn,30.0
202_STEAM_3,48,DT_Obl,29.156580103328015
202_STEAM_3,48,PowerGenerated,7.940702133864949
202_STEAM_3,48,UT_Obl,40.0
202_STEAM_3,48,UnitOn,29.448878635825793
202_STEAM_3,96,DT_Obl,24.559157179925034
202_STEAM_3,96,PowerGenerated,13.419913251391446
202_STEAM_3,96,UT_Obl,40.0
202_STEAM_3,96,UnitOn,29.746078300866206
202_STEAM_3,144,DT_Obl,24.01759154852669
202_STEAM_3,144,PowerGenerated,10.715274283661525
202_STEAM_3,144,UT_Obl,40.07660262998317
202_STEAM_3,144,UnitOn,29.68974106545053
202_STEAM_3,192,DT_Obl,23.76760049240234
202_STEAM_3,192,PowerGenerated,11.931627850669424
202_STEAM_3,192,UT_Obl,40.0
202_STEAM_3,192,UnitOn,29.696468787508806
202_STEAM_3,240,DT_Obl,29.50143387290388
202_STEAM_3,240,PowerGenerated,11.325185912607719
202_STEAM_3,240,UT_Obl,39.31959076244415
202_STEAM_3,240,UnitOn,30.099289665174265
202_STEAM_3,288,DT_Obl,33.291431543348295
202_STEAM_3,288,PowerGenerated,12.361221656922597
202_STEAM_3,288,UT_Obl,23.3961730561463
202_STEAM_3,288,UnitOn,29.551513015834004
202_STEAM_4,48,DT_Obl,28.609968349141432
202_STEAM_4,48,PowerGenerated,9.222915008634796
202_STEAM_4,48,UT_Obl,40.0
202_STEAM_4,48,UnitOn,29.606178359440985
202_STEAM_4,96,DT_Obl,24.54218459927247
202_STEAM_4,96,PowerGenerated,13.671718248332848
202_STEAM_4,96,UT_Obl,40.0
202_STEAM_4,96,UnitOn,29.657974720978952
202_STEAM_4,144,DT_Obl,24.21695901568033
202_STEAM_4,144,PowerGenerated,11.134522401057543
202_STEAM_4,144,UT_Obl,40.07660262998317
202_STEAM_4,144,UnitOn,29.669898605855078
202_STEAM_4,192,DT_Obl,24.646279612644523
202_STEAM_4,192,PowerGenerated,5.731369457214021
202_STEAM_4,192,UT_Obl,40.07136772079102
202_STEAM_4,192,UnitOn,29.582832359022262
202_STEAM_4,240,DT_Obl,29.306628717716883
202_STEAM_4,240,PowerGenerated,13.236166506724052
202_STEAM_4,240,UT_Obl,40.0
202_STEAM_4,240,UnitOn,30.13587433200509
202_STEAM_4,288,DT_Obl,32.58670978556548
202_STEAM_4,288,PowerGenerated,11.346310536132334
202_STEAM_4,288,UT_Obl,23.73119048504845
202_STEAM_4,288,UnitOn,29.727905673063574
207_CT_1,48,DT_Obl,27.378969660823923
207_CT_1,48,PowerGenerated,19.29718913980422
207_CT_1,48,UT_Obl,40.0
207_CT_1,48,UnitOn,29.660320091155747
207_CT_1,96,DT_Obl,27.372682532775915
207_CT_1,96,PowerGenerated,19.41245315401769
207_CT_1,96,UT_Obl,40.0
207_CT_1,96,UnitOn,29.665559364529084
207_CT_1,144,DT_Obl,27.344151780759418
207_CT_1,144,PowerGenerated,19.935516940986826
207_CT_1,144,UT_Obl,40.0
207_CT_1,144,UnitOn,29.689334991209503
207_CT_1,192,DT_Obl,27.27062114714254
207_CT_1,192,PowerGenerated,21.28357855729628
207_CT_1,192,UT_Obl,40.0
207_CT_1,192,UnitOn,29.750610519223567
207_CT_1,240,DT_Obl,27.27062114714254
207_CT_1,240,PowerGenerated,21.28357855729628
207_CT_1,240,UT_Obl,40.0
207_CT_1,240,UnitOn,29.750610519223567
207_CT_1,288,DT_Obl,28.384120283465485
207_CT_1,288,PowerGenerated,0.8694277247088862
207_CT_1,288,UT_Obl,40.0
207_CT_1,288,UnitOn,28.822694572287777
207_CT_2,48,DT_Obl,27.378969660823923
207_CT_2,48,PowerGenerated,19.29718913980422
207_CT_2,48,UT_Obl,40.0
207_CT_2,48,UnitOn,29.660320091155747
207_CT_2,96,DT_Obl,27.478895308470232
207_CT_2,96,PowerGenerated,17.465218932955235
207_CT_2,96,UT_Obl,40.0
207_CT_2,96,UnitOn,29.577048718117155
207_CT_2,144,DT_Obl,27.433947297694132
207_CT_2,144,PowerGenerated,18.289265797183756
207_CT_2,144,UT_Obl,40.0
207_CT_2,144,UnitOn,29.61450539376391
207_CT_2,192,DT_Obl,27.27062114714254
207_CT_2,192,PowerGenerated,21.28357855729628
207_CT_2,192,UT_Obl,40.0
207_CT_2,192,UnitOn,29.750610519223567
207_CT_2,240,DT_Obl,27.378969660823923
207_CT_2,240,PowerGenerated,19.29718913980422
207_CT_2,240,UT_Obl,40.0
207_CT_2,240,UnitOn,29.660320091155747
207_CT_2,288,DT_Obl,28.039173191136886
207_CT_2,288,PowerGenerated,7.193457750733248
207_CT_2,288,UT_Obl,40.0
207_CT_2,288,UnitOn,29.11015048256161
213_CC_3,48,DT_Obl,22.04769007598019
213_CC_3,48,PowerGenerated,11.326957353246897
213_CC_3,48,UT_Obl,40.0
213_CC_3,48,UnitOn,29.90469789594705
213_CC_3,96,DT_Obl,22.508515887172717
213_CC_3,96,PowerGenerated,15.97405687451424
213_CC_3,96,UT_Obl,40.86470163427129
213_CC_3,96,UnitOn,29.896562183359364
213_CC_3,144,DT_Obl,22.04769007598019
213_CC_3,144,PowerGenerated,11.326957353246897
213_CC_3,144,UT_Obl,40.0
213_CC_3,144,UnitOn,29.90469789594705
213_CC_3,192,DT_Obl,22.210836845742033
213_CC_3,192,PowerGenerated,7.725647771599055
213_CC_3,192,UT_Obl,40.32848322438912
213_CC_3,192,UnitOn,29.90501070807068
213_CC_3,240,DT_Obl,22.04769007598019
213_CC_3,240,PowerGenerated,11.326957353246897
213_CC_3,240,UT_Obl,40.0
213_CC_3,240,UnitOn,29.90469789594705
213_CC_3,288,DT_Obl,22.748467201443905
213_CC_3,288,PowerGenerated,24.311018596790994
213_CC_3,288,UT_Obl,41.446216250506545
213_CC_3,288,UnitOn,29.9110781816012
213_CT_1,48,DT_Obl,28.054005882329673
213_CT_1,48,PowerGenerated,2.1552638060402574
213_CT_1,48,UT_Obl,40.0
213_CT_1,48,UnitOn,29.097789906567616
213_CT_1,96,DT_Obl,27.634698690248936
213_CT_1,96,PowerGenerated,9.842562327520502
213_CT_1,96,UT_Obl,40.0
213_CT_1,96,UnitOn,29.447212566634903
213_CT_1,144,DT_Obl,27.606770501402018
213_CT_1,144,PowerGenerated,10.81967690979477
213_CT_1,144,UT_Obl,40.0
213_CT_1,144,UnitOn,29.470486057340672
213_CT_1,192,DT_Obl,27.42702709209082
213_CT_1,192,PowerGenerated,14.114972747166682
213_CT_1,192,UT_Obl,40.0
213_CT_1,192,UnitOn,29.620272231766666
213_CT_1,240,DT_Obl,28.01249343767484
213_CT_1,240,PowerGenerated,7.473246865404638
213_CT_1,240,UT_Obl,40.09942374343329
213_CT_1,240,UnitOn,29.215236729974386
213_CT_1,288,DT_Obl,28.449090361523197
213_CT_1,288,PowerGenerated,7.51550849469699
213_CT_1,288,UT_Obl,40.274984584884464
213_CT_1,288,UnitOn,28.997706661310072
213_CT_2,48,DT_Obl,27.99043828636169
213_CT_2,48,PowerGenerated,3.3206697321198457
213_CT_2,48,UT_Obl,40.0
213_CT_2,48,UnitOn,29.150762903207596
213_CT_2,96,DT_Obl,27.634698690248936
213_CT_2,96,PowerGenerated,9.842562327520502
213_CT_2,96,UT_Obl,40.0
213_CT_2,96,UnitOn,29.447212566634903
213_CT_2,144,DT_Obl,27.606770501402018
213_CT_2,144,PowerGenerated,10.81967690979477
213_CT_2,144,UT_Obl,40.0
213_CT_2,144,UnitOn,29.470486057340672
213_CT_2,192,DT_Obl,27.42702709209082
213_CT_2,192,PowerGenerated,14.114972747166682
213_CT_2,192,UT_Obl,40.0
213_CT_2,192,UnitOn,29.620272231766666
213_CT_2,240,DT_Obl,27.54277370442298
213_CT_2,240,PowerGenerated,11.527853734329623
213_CT_2,240,UT_Obl,40.0
213_CT_2,240,UnitOn,29.52381672148986
213_CT_2,288,DT_Obl,27.97915666364215
213_CT_2,288,PowerGenerated,8.047997162101266
213_CT_2,288,UT_Obl,40.098629040293595
213_CT_2,288,UnitOn,29.242355122385217
215_CT_4,48,DT_Obl,27.824415892862444
215_CT_4,48,PowerGenerated,6.364413612939471
215_CT_4,48,UT_Obl,40.0
215_CT_4,48,UnitOn,29.28911489779031
215_CT_4,96,DT_Obl,27.740911465943253
215_CT_4,96,PowerGenerated,7.895328106458045
215_CT_4,96,UT_Obl,40.0
215_CT_4,96,UnitOn,29.358701920222973
215_CT_4,144,DT_Obl,27.606770501402018
215_CT_4,144,PowerGenerated,10.81967690979477
215_CT_4,144,UT_Obl,40.0
215_CT_4,144,UnitOn,29.470486057340672
215_CT_4,192,DT_Obl,27.42702709209082
215_CT_4,192,PowerGenerated,14.114972747166682
215_CT_4,192,UT_Obl,40.0
215_CT_4,192,UnitOn,29.620272231766666
215_CT_4,240,DT_Obl,27.662734193764
215_CT_4,240,PowerGenerated,9.328578096411
215_CT_4,240,UT_Obl,40.0
215_CT_4,240,UnitOn,29.423849647039017
215_CT_4,288,DT_Obl,28.09911715298317
215_CT_4,288,PowerGenerated,5.885145418085319
215_CT_4,288,UT_Obl,40.09942374343329
215_CT_4,288,UnitOn,29.143050300550783
215_CT_5,48,DT_Obl,27.563900228222654
215_CT_5,48,PowerGenerated,11.140534131335686
215_CT_5,48,UT_Obl,40.0
215_CT_5,48,UnitOn,29.50621128499014
215_CT_5,96,DT_Obl,27.634698690248936
215_CT_5,96,PowerGenerated,9.842562327520502
215_CT_5,96,UT_Obl,40.0
215_CT_5,96,UnitOn,29.447212566634903
215_CT_5,144,DT_Obl,27.606770501402018
215_CT_5,144,PowerGenerated,10.81967690979477
215_CT_5,144,UT_Obl,40.0
215_CT_5,144,UnitOn,29.470486057340672
215_CT_5,192,DT_Obl,27.42702709209082
215_CT_5,192,PowerGenerated,14.114972747166682
215_CT_5,192,UT_Obl,40.0
215_CT_5,192,UnitOn,29.620272231766666
215_CT_5,240,DT_Obl,27.662734193764
215_CT_5,240,PowerGenerated,9.328578096411
215_CT_5,240,UT_Obl,40.0
215_CT_5,240,UnitOn,29.423849647039017
215_CT_5,288,DT_Obl,28.003752497425026
215_CT_5,288,PowerGenerated,6.761336560332579
215_CT_5,288,UT_Obl,40.098629040293595
215_CT_5,288,UnitOn,29.221858594232824
216_STEAM_1,48,DT_Obl,33.62042196265168
216_STEAM_1,48,PowerGenerated,0.995133132348812
216_STEAM_1,48,UT_Obl,24.517164462906546
216_STEAM_1,48,UnitOn,29.842425786304215
216_STEAM_1,96,DT_Obl,25.270020283991897
216_STEAM_1,96,PowerGenerated,15.640352195684455
216_STEAM_1,96,UT_Obl,40.0
216_STEAM_1,96,UnitOn,30.63489020424862
216_STEAM_1,144,DT_Obl,36.95722697804268
216_STEAM_1,144,PowerGenerated,10.162714186263052
216_STEAM_1,144,UT_Obl,32.30029664416042
216_STEAM_1,144,UnitOn,30.200336007053156
216_STEAM_1,192,DT_Obl,32.0
216_STEAM_1,192,PowerGenerated,11.806778287791886
216_STEAM_1,192,UT_Obl,23.99976199612534
216_STEAM_1,192,UnitOn,30.0
216_STEAM_1,240,DT_Obl,35.50602096213177
216_STEAM_1,240,PowerGenerated,6.5494834323971105
216_STEAM_1,240,UT_Obl,26.778215361097995
216_STEAM_1,240,UnitOn,29.75340197896205
216_STEAM_1,288,DT_Obl,34.08489162468038
216_STEAM_1,288,PowerGenerated,9.272878461151569
216_STEAM_1,288,UT_Obl,23.85155704674568
216_STEAM_1,288,UnitOn,29.937402632858543
218_CC_1,48,DT_Obl,22.434335356632097
218_CC_1,48,PowerGenerated,23.448839441481205
218_CC_1,48,UT_Obl,40.10354480454607
218_CC_1,48,UnitOn,30.062272109642834
218_CC_1,96,DT_Obl,22.101719485129895
218_CC_1,96,PowerGenerated,14.30269786449729
218_CC_1,96,UT_Obl,40.234879455173015
218_CC_1,96,UnitOn,29.945970590850294
218_CC_1,144,DT_Obl,22.425301193791267
218_CC_1,144,PowerGenerated,0.9878201223659069
218_CC_1,144,UT_Obl,40.32848322438912
218_CC_1,144,UnitOn,29.843735180056616
218_CC_1,192,DT_Obl,22.26486625489174
218_CC_1,192,PowerGenerated,6.551437114190435
218_CC_1,192,UT_Obl,40.234879455173015
218_CC_1,192,UnitOn,29.899357228061195
218_CC_1,240,DT_Obl,22.477878533900228
218_CC_1,240,PowerGenerated,14.150580165310176
218_CC_1,240,UT_Obl,40.94016511670003
218_CC_1,240,UnitOn,29.939251671419772
218_CC_1,288,DT_Obl,26.091498130212752
218_CC_1,288,PowerGenerated,19.53302895653854
218_CC_1,288,UT_Obl,40.82939502150224
218_CC_1,288,UnitOn,29.61913249312625
221_CC_1,48,DT_Obl,22.04769007598019
221_CC_1,48,PowerGenerated,11.326957353246897
221_CC_1,48,UT_Obl,40.0
221_CC_1,48,UnitOn,29.90469789594705
221_CC_1,96,DT_Obl,22.04769007598019
221_CC_1,96,PowerGenerated,11.326957353246897
221_CC_1,96,UT_Obl,40.0
221_CC_1,96,UnitOn,29.90469789594705
221_CC_1,144,DT_Obl,22.30959366703977
221_CC_1,144,PowerGenerated,-1.394074212504103
221_CC_1,144,UT_Obl,40.0
221_CC_1,144,UnitOn,29.829868298501456
221_CC_1,192,DT_Obl,22.210836845742033
221_CC_1,192,PowerGenerated,3.402685679100159
221_CC_1,192,UT_Obl,40.0
221_CC_1,192,UnitOn,29.85808453315795
221_CC_1,240,DT_Obl,22.04769007598019
221_CC_1,240,PowerGenerated,11.326957353246897
221_CC_1,240,UT_Obl,40.0
221_CC_1,240,UnitOn,29.90469789594705
221_CC_1,288,DT_Obl,22.58707089755981
221_CC_1,288,PowerGenerated,7.68334901416258
221_CC_1,288,UT_Obl,40.75522223562215
221_CC_1,288,UnitOn,29.858477980584606
223_CT_4,48,DT_Obl,27.60239401788805
223_CT_4,48,PowerGenerated,13.414398780374775
223_CT_4,48,UT_Obl,40.0
223_CT_4,48,UnitOn,29.474133126935637
223_CT_4,96,DT_Obl,27.543865386527944
223_CT_4,96,PowerGenerated,12.540189467591084
223_CT_4,96,UT_Obl,40.0
223_CT_4,96,UnitOn,29.522906986402393
223_CT_4,144,DT_Obl,27.43558764764999
223_CT_4,144,PowerGenerated,15.744706375169049
223_CT_4,144,UT_Obl,40.0
223_CT_4,144,UnitOn,29.613138435467363
223_CT_4,192,DT_Obl,27.33559122520025
223_CT_4,192,PowerGenerated,18.30578331298446
223_CT_4,192,UT_Obl,40.0
223_CT_4,192,UnitOn,29.696468787508806
223_CT_4,240,DT_Obl,27.793698982792478
223_CT_4,240,PowerGenerated,9.907141090460245
223_CT_4,240,UT_Obl,40.0
223_CT_4,240,UnitOn,29.314712322848614
223_CT_4,288,DT_Obl,28.38255803754203
223_CT_4,288,PowerGenerated,3.2816836725929655
223_CT_4,288,UT_Obl,40.09098818732817
223_CT_4,288,UnitOn,28.8998199333308
223_CT_5,48,DT_Obl,27.60239401788805
223_CT_5,48,PowerGenerated,13.414398780374775
223_CT_5,48,UT_Obl,40.0
223_CT_5,48,UnitOn,29.474133126935637
223_CT_5,96,DT_Obl,27.740911465943253
223_CT_5,96,PowerGenerated,10.874912232696136
223_CT_5,96,UT_Obl,40.0
223_CT_5,96,UnitOn,29.358701920222973
223_CT_5,144,DT_Obl,27.515334634511447
223_CT_5,144,PowerGenerated,15.010487475612548
223_CT_5,144,UT_Obl,40.0
223_CT_5,144,UnitOn,29.54668261308281
223_CT_5,192,DT_Obl,27.33559122520025
223_CT_5,192,PowerGenerated,18.30578331298446
223_CT_5,192,UT_Obl,40.0
223_CT_5,192,UnitOn,29.696468787508806
223_CT_5,240,DT_Obl,27.793698982792478
223_CT_5,240,PowerGenerated,9.907141090460245
223_CT_5,240,UT_Obl,40.0
223_CT_5,240,UnitOn,29.314712322848614
223_CT_5,288,DT_Obl,28.449090361523197
223_CT_5,288,PowerGenerated,0.4705068540112225
223_CT_5,288,UT_Obl,40.09098818732817
223_CT_5,288,UnitOn,28.84437633001316
223_CT_6,48,DT_Obl,27.824415892862444
223_CT_6,48,PowerGenerated,9.343997739177562
223_CT_6,48,UT_Obl,40.0
223_CT_6,48,UnitOn,29.28911489779031
223_CT_6,96,DT_Obl,27.634698690248936
223_CT_6,96,PowerGenerated,12.822146453758593
223_CT_6,96,UT_Obl,40.0
223_CT_6,96,UnitOn,29.447212566634903
223_CT_6,144,DT_Obl,27.60513015144616
223_CT_6,144,PowerGenerated,13.364236331809478
223_CT_6,144,UT_Obl,40.0
223_CT_6,144,UnitOn,29.47185301563722
223_CT_6,192,DT_Obl,27.33559122520025
223_CT_6,192,PowerGenerated,18.30578331298446
223_CT_6,192,UT_Obl,40.0
223_CT_6,192,UnitOn,29.696468787508806
223_CT_6,240,DT_Obl,27.913659472133496
223_CT_6,240,PowerGenerated,7.707865452541622
223_CT_6,240,UT_Obl,40.0
223_CT_6,240,UnitOn,29.21474524839777
223_CT_6,288,DT_Obl,28.15445302860057
223_CT_6,288,PowerGenerated,3.29331691731184
223_CT_6,288,UT_Obl,40.0
223_CT_6,288,UnitOn,29.014083951341867
223_STEAM_1,48,DT_Obl,32.0
223_STEAM_1,48,PowerGenerated,12.53832843800403
223_STEAM_1,48,UT_Obl,21.78792834796913
223_STEAM_1,48,UnitOn,30.0
223_STEAM_1,96,DT_Obl,33.04850322098197
223_STEAM_1,96,PowerGenerated,10.738766411179297
223_STEAM_1,96,UT_Obl,23.470040494304264
223_STEAM_1,96,UnitOn,29.926816455557173
223_STEAM_1,144,DT_Obl,32.53337589019499
223_STEAM_1,144,PowerGenerated,9.144352210227266
223_STEAM_1,144,UT_Obl,24.435244225357714
223_STEAM_1,144,UnitOn,30.263957258695385
223_STEAM_1,192,DT_Obl,30.49864685528661
223_STEAM_1,192,PowerGenerated,9.498056413525457
223_STEAM_1,192,UT_Obl,26.344161480823526
223_STEAM_1,192,UnitOn,30.478959784857352
223_STEAM_1,240,DT_Obl,32.0
223_STEAM_1,240,PowerGenerated,4.3218969758179915
223_STEAM_1,240,UT_Obl,22.850990701522246
223_STEAM_1,240,UnitOn,30.16242528452353
223_STEAM_1,288,DT_Obl,34.5391384711192
223_STEAM_1,288,PowerGenerated,11.262660674566183
223_STEAM_1,288,UT_Obl,23.50147962576415
223_STEAM_1,288,UnitOn,29.880533748306572
223_STEAM_2,48,DT_Obl,32.0
223_STEAM_2,48,PowerGenerated,10.95991966717582
223_STEAM_2,48,UT_Obl,22.678945666172645
223_STEAM_2,48,UnitOn,30.0
223_STEAM_2,96,DT_Obl,32.28890886432272
223_STEAM_2,96,PowerGenerated,6.7822892693237256
223_STEAM_2,96,UT_Obl,23.435253540851573
223_STEAM_2,96,UnitOn,30.031064466260204
223_STEAM_2,144,DT_Obl,32.0
223_STEAM_2,144,PowerGenerated,9.921800316144905
223_STEAM_2,144,UT_Obl,21.714013709857532
223_STEAM_2,144,UnitOn,30.0
223_STEAM_2,192,DT_Obl,31.38880325709876
223_STEAM_2,192,PowerGenerated,11.461683023670016
223_STEAM_2,192,UT_Obl,25.349236963153924
223_STEAM_2,192,UnitOn,30.235872702330344
223_STEAM_2,240,DT_Obl,32.0
223_STEAM_2,240,PowerGenerated,14.290018530891134
223_STEAM_2,240,UT_Obl,22.443008444324487
223_STEAM_2,240,UnitOn,30.10414210492385
223_STEAM_2,288,DT_Obl,32.825997124542255
223_STEAM_2,288,PowerGenerated,-0.4506026757502575
223_STEAM_2,288,UT_Obl,22.293985546551724
223_STEAM_2,288,UnitOn,29.96485353030742
223_STEAM_3,48,DT_Obl,68.87566789377755
223_STEAM_3,48,PowerGenerated,42.564117280958705
223_STEAM_3,48,UT_Obl,40.0
223_STEAM_3,48,UnitOn,30.054029409149706
223_STEAM_3,96,DT_Obl,31.421373494104447
223_STEAM_3,96,PowerGenerated,2.402795292169124
223_STEAM_3,96,UT_Obl,39.4819612781179
223_STEAM_3,96,UnitOn,30.145864829380812
223_STEAM_3,144,DT_Obl,2.8364197403309097
223_STEAM_3,144,PowerGenerated,-10.915216383432753
223_STEAM_3,144,UT_Obl,64.73978448897671
223_STEAM_3,144,UnitOn,30.533039030720957
223_STEAM_3,192,DT_Obl,2.2405883009534078
223_STEAM_3,192,PowerGenerated,-5.410807902548868
223_STEAM_3,192,UT_Obl,38.43545240966164
223_STEAM_3,192,UnitOn,30.260801048526627
223_STEAM_3,240,DT_Obl,58.95736285062974
223_STEAM_3,240,PowerGenerated,-8.010314824417378
223_STEAM_3,240,UT_Obl,26.344511723741284
223_STEAM_3,240,UnitOn,29.83511758194539
223_STEAM_3,288,DT_Obl,2.19150601079309
223_STEAM_3,288,PowerGenerated,16.089706797603245
223_STEAM_3,288,UT_Obl,38.70329418040708
223_STEAM_3,288,UnitOn,29.945970590850294
301_CT_1,48,DT_Obl,29.714251713732192
301_CT_1,48,PowerGenerated,35.0
301_CT_1,48,UT_Obl,40.0
301_CT_1,48,UnitOn,30.0
301_CT_1,96,DT_Obl,29.714251713732192
301_CT_1,96,PowerGenerated,35.0
301_CT_1,96,UT_Obl,40.0
301_CT_1,96,UnitOn,30.0
301_CT_1,144,DT_Obl,29.714251713732192
301_CT_1,144,PowerGenerated,35.0
301_CT_1,144,UT_Obl,40.0
301_CT_1,144,UnitOn,30.0
301_CT_1,192,DT_Obl,29.714251713732192
301_CT_1,192,PowerGenerated,35.0
301_CT_1,192,UT_Obl,40.0
301_CT_1,192,UnitOn,30.0
301_CT_1,240,DT_Obl,29.714251713732192
301_CT_1,240,PowerGenerated,35.0
301_CT_1,240,UT_Obl,40.0
301_CT_1,240,UnitOn,30.0
301_CT_1,288,DT_Obl,29.714251713732192
301_CT_1,288,PowerGenerated,35.0
301_CT_1,288,UT_Obl,40.0
301_CT_1,288,UnitOn,30.0
301_CT_2,48,DT_Obl,29.714251713732192
301_CT_2,48,PowerGenerated,35.0
301_CT_2,48,UT_Obl,40.0
301_CT_2,48,UnitOn,30.0
301_CT_2,96,DT_Obl,29.714251713732192
301_CT_2,96,PowerGenerated,35.0
301_CT_2,96,UT_Obl,40.0
301_CT_2,96,UnitOn,30.0
301_CT_2,144,DT_Obl,29.714251713732192
301_CT_2,144,PowerGenerated,35.0
301_CT_2,144,UT_Obl,40.0
301_CT_2,144,UnitOn,30.0
301_CT_2,192,DT_Obl,29.714251713732192
301_CT_2,192,PowerGenerated,35.0
301_CT_2,192,UT_Obl,40.0
301_CT_2,192,UnitOn,30.0
301_CT_2,240,DT_Obl,29.714251713732192
301_CT_2,240,PowerGenerated,35.0
301_CT_2,240,UT_Obl,40.0
301_CT_2,240,UnitOn,30.0
301_CT_2,288,DT_Obl,29.714251713732192
301_CT_2,288,PowerGenerated,35.0
301_CT_2,288,UT_Obl,40.0
301_CT_2,288,UnitOn,30.0
301_CT_3,48,DT_Obl,27.378969660823923
301_CT_3,48,PowerGenerated,19.29718913980422
301_CT_3,48,UT_Obl,40.0
301_CT_3,48,UnitOn,29.660320091155747
301_CT_3,96,DT_Obl,27.478895308470232
301_CT_3,96,PowerGenerated,17.465218932955235
301_CT_3,96,UT_Obl,40.0
301_CT_3,96,UnitOn,29.577048718117155
301_CT_3,144,DT_Obl,27.344151780759418
301_CT_3,144,PowerGenerated,19.935516940986826
301_CT_3,144,UT_Obl,40.0
301_CT_3,144,UnitOn,29.689334991209503
301_CT_3,192,DT_Obl,27.27062114714254
301_CT_3,192,PowerGenerated,21.28357855729628
301_CT_3,192,UT_Obl,40.0
301_CT_3,192,UnitOn,29.750610519223567
301_CT_3,240,DT_Obl,27.49893015016494
301_CT_3,240,PowerGenerated,17.0979135018856
301_CT_3,240,UT_Obl,40.0
301_CT_3,240,UnitOn,29.5603530167049
301_CT_3,288,DT_Obl,28.08948295054286
301_CT_3,288,PowerGenerated,6.271112161623661
301_CT_3,288,UT_Obl,40.0
301_CT_3,288,UnitOn,29.068225683056628
301_CT_4,48,DT_Obl,27.378969660823923
301_CT_4,48,PowerGenerated,19.29718913980422
301_CT_4,48,UT_Obl,40.0
301_CT_4,48,UnitOn,29.660320091155747
301_CT_4,96,DT_Obl,27.478895308470232
301_CT_4,96,PowerGenerated,17.465218932955235
301_CT_4,96,UT_Obl,40.0
301_CT_4,96,UnitOn,29.577048718117155
301_CT_4,144,DT_Obl,27.344151780759418
301_CT_4,144,PowerGenerated,19.935516940986826
301_CT_4,144,UT_Obl,40.0
301_CT_4,144,UnitOn,29.689334991209503
301_CT_4,192,DT_Obl,27.27062114714254
301_CT_4,192,PowerGenerated,21.28357855729628
301_CT_4,192,UT_Obl,40.0
301_CT_4,192,UnitOn,29.750610519223567
301_CT_4,240,DT_Obl,27.378969660823923
301_CT_4,240,PowerGenerated,19.29718913980422
301_CT_4,240,UT_Obl,40.0
301_CT_4,240,UnitOn,29.660320091155747
301_CT_4,288,DT_Obl,27.486837669076063
301_CT_4,288,PowerGenerated,17.07117281396813
301_CT_4,288,UT_Obl,40.0
301_CT_4,288,UnitOn,29.57043008427896
302_CT_1,48,DT_Obl,29.714251713732192
302_CT_1,48,PowerGenerated,35.0
302_CT_1,48,UT_Obl,40.0
302_CT_1,48,UnitOn,30.0
302_CT_1,96,DT_Obl,29.714251713732192
302_CT_1,96,PowerGenerated,35.0
302_CT_1,96,UT_Obl,40.0
302_CT_1,96,UnitOn,30.0
302_CT_1,144,DT_Obl,29.714251713732192
302_CT_1,144,PowerGenerated,35.0
302_CT_1,144,UT_Obl,40.0
302_CT_1,144,UnitOn,30.0
302_CT_1,192,DT_Obl,29.714251713732192
302_CT_1,192,PowerGenerated,35.0
302_CT_1,192,UT_Obl,40.0
302_CT_1,192,UnitOn,30.0
302_CT_1,240,DT_Obl,29.714251713732192
302_CT_1,240,PowerGenerated,35.0
302_CT_1,240,UT_Obl,40.0
302_CT_1,240,UnitOn,30.0
302_CT_1,288,DT_Obl,29.714251713732192
302_CT_1,288,PowerGenerated,35.0
302_CT_1,288,UT_Obl,40.0
302_CT_1,288,UnitOn,30.0
302_CT_2,48,DT_Obl,29.714251713732192
302_CT_2,48,PowerGenerated,35.0
302_CT_2,48,UT_Obl,40.0
302_CT_2,48,UnitOn,30.0
302_CT_2,96,DT_Obl,29.714251713732192
302_CT_2,96,PowerGenerated,35.0
302_CT_2,96,UT_Obl,40.0
302_CT_2,96,UnitOn,30.0
302_CT_2,144,DT_Obl,29.714251713732192
302_CT_2,144,PowerGenerated,35.0
302_CT_2,144,UT_Obl,40.0
302_CT_2,144,UnitOn,30.0
302_CT_2,192,DT_Obl,29.714251713732192
302_CT_2,192,PowerGenerated,35.0
302_CT_2,192,UT_Obl,40.0
302_CT_2,192,UnitOn,30.0
302_CT_2,240,DT_Obl,29.714251713732192
302_CT_2,240,PowerGenerated,35.0
302_CT_2,240,UT_Obl,40.0
302_CT_2,240,UnitOn,30.0
302_CT_2,288,DT_Obl,29.714251713732192
302_CT_2,288,PowerGenerated,35.0
302_CT_2,288,UT_Obl,40.0
302_CT_2,288,UnitOn,30.0
302_CT_3,48,DT_Obl,27.60239401788805
302_CT_3,48,PowerGenerated,13.414398780374775
302_CT_3,48,UT_Obl,40.0
302_CT_3,48,UnitOn,29.474133126935637
302_CT_3,96,DT_Obl,27.740911465943253
302_CT_3,96,PowerGenerated,10.874912232696136
302_CT_3,96,UT_Obl,40.0
302_CT_3,96,UnitOn,29.358701920222973
302_CT_3,144,DT_Obl,27.515334634511447
302_CT_3,144,PowerGenerated,15.010487475612548
302_CT_3,144,UT_Obl,40.0
302_CT_3,144,UnitOn,29.54668261308281
302_CT_3,192,DT_Obl,27.33559122520025
302_CT_3,192,PowerGenerated,18.30578331298446
302_CT_3,192,UT_Obl,40.0
302_CT_3,192,UnitOn,29.696468787508806
302_CT_3,240,DT_Obl,27.443939738881635
302_CT_3,240,PowerGenerated,16.3193938954924
302_CT_3,240,UT_Obl,40.0
302_CT_3,240,UnitOn,29.606178359440985
302_CT_3,288,DT_Obl,27.697299194761822
302_CT_3,288,PowerGenerated,11.158062885912752
302_CT_3,288,UT_Obl,40.0
302_CT_3,288,UnitOn,29.395045479540826
302_CT_4,48,DT_Obl,27.443939738881635
302_CT_4,48,PowerGenerated,16.3193938954924
302_CT_4,48,UT_Obl,40.0
302_CT_4,48,UnitOn,29.606178359440985
302_CT_4,96,DT_Obl,27.546001124515012
302_CT_4,96,PowerGenerated,14.44826849221381
302_CT_4,96,UT_Obl,40.0
302_CT_4,96,UnitOn,29.521127204746502
302_CT_4,144,DT_Obl,27.60513015144616
302_CT_4,144,PowerGenerated,13.364236331809478
302_CT_4,144,UT_Obl,40.0
302_CT_4,144,UnitOn,29.47185301563722
302_CT_4,192,DT_Obl,27.33559122520025
302_CT_4,192,PowerGenerated,18.30578331298446
302_CT_4,192,UT_Obl,40.0
302_CT_4,192,UnitOn,29.696468787508806
302_CT_4,240,DT_Obl,27.793698982792478
302_CT_4,240,PowerGenerated,9.907141090460245
302_CT_4,240,UT_Obl,40.0
302_CT_4,240,UnitOn,29.314712322848614
302_CT_4,288,DT_Obl,28.076731856298128
302_CT_4,288,PowerGenerated,3.276861921992241
302_CT_4,288,UT_Obl,40.0
302_CT_4,288,UnitOn,29.078851594927244
307_CT_1,48,DT_Obl,27.99043828636169
307_CT_1,48,PowerGenerated,3.3206697321198457
307_CT_1,48,UT_Obl,40.0
307_CT_1,48,UnitOn,29.150762903207596
307_CT_1,96,DT_Obl,27.634698690248936
307_CT_1,96,PowerGenerated,17.860792198192954
307_CT_1,96,UT_Obl,40.17494319717831
307_CT_1,96,UnitOn,29.592998564283494
307_CT_1,144,DT_Obl,27.450908173646624
307_CT_1,144,PowerGenerated,15.744706375169049
307_CT_1,144,UT_Obl,40.0
307_CT_1,144,UnitOn,29.613138435467363
307_CT_1,192,DT_Obl,27.42702709209082
307_CT_1,192,PowerGenerated,14.114972747166682
307_CT_1,192,UT_Obl,40.0
307_CT_1,192,UnitOn,29.620272231766666
307_CT_1,240,DT_Obl,27.793698982792478
307_CT_1,240,PowerGenerated,6.927556964222154
307_CT_1,240,UT_Obl,40.0
307_CT_1,240,UnitOn,29.314712322848614
307_CT_1,288,DT_Obl,30.310031757442616
307_CT_1,288,PowerGenerated,5.885145418085319
307_CT_1,288,UT_Obl,40.0
307_CT_1,288,UnitOn,29.143050300550783
307_CT_2,48,DT_Obl,27.99043828636169
307_CT_2,48,PowerGenerated,3.3206697321198457
307_CT_2,48,UT_Obl,40.0
307_CT_2,48,UnitOn,29.150762903207596
307_CT_2,96,DT_Obl,27.634698690248936
307_CT_2,96,PowerGenerated,13.906908291847065
307_CT_2,96,UT_Obl,40.09098907703004
307_CT_2,96,UnitOn,29.523036797493265
307_CT_2,144,DT_Obl,27.377377540029745
307_CT_2,144,PowerGenerated,17.092767991478503
307_CT_2,144,UT_Obl,40.0
307_CT_2,144,UnitOn,29.674413963481427
307_CT_2,192,DT_Obl,27.42702709209082
307_CT_2,192,PowerGenerated,14.114972747166682
307_CT_2,192,UT_Obl,40.0
307_CT_2,192,UnitOn,29.620272231766666
307_CT_2,240,DT_Obl,27.913659472133496
307_CT_2,240,PowerGenerated,4.728281326303531
307_CT_2,240,UT_Obl,40.0
307_CT_2,240,UnitOn,29.21474524839777
307_CT_2,288,DT_Obl,30.298268118713253
307_CT_2,288,PowerGenerated,5.302070234871151
307_CT_2,288,UT_Obl,40.0
307_CT_2,288,UnitOn,29.095359858919203
313_CC_1,48,DT_Obl,22.04769007598019
313_CC_1,48,PowerGenerated,11.326957353246897
313_CC_1,48,UT_Obl,40.0
313_CC_1,48,UnitOn,29.90469789594705
313_CC_1,96,DT_Obl,22.210836845742033
313_CC_1,96,PowerGenerated,9.100746407743403
313_CC_1,96,UT_Obl,40.32848322438912
313_CC_1,96,UnitOn,29.90501070807068
313_CC_1,144,DT_Obl,22.04769007598019
313_CC_1,144,PowerGenerated,11.326957353246897
313_CC_1,144,UT_Obl,40.0
313_CC_1,144,UnitOn,29.90469789594705
313_CC_1,192,DT_Obl,22.210836845742033
313_CC_1,192,PowerGenerated,11.40465988475714
313_CC_1,192,UT_Obl,40.32848322438912
313_CC_1,192,UnitOn,29.90501070807068
313_CC_1,240,DT_Obl,22.04769007598019
313_CC_1,240,PowerGenerated,11.326957353246897
313_CC_1,240,UT_Obl,40.0
313_CC_1,240,UnitOn,29.90469789594705
313_CC_1,288,DT_Obl,24.85136929533439
313_CC_1,288,PowerGenerated,14.756435448253512
313_CC_1,288,UT_Obl,42.532141883195145
313_CC_1,288,UnitOn,29.947693984815654
313_STORAGE_1,48,SoC,-10.390403937811069
313_STORAGE_1,96,SoC,-10.290024419754351
313_STORAGE_1,144,SoC,-12.52556169214948
313_STORAGE_1,192,SoC,-17.272703198790214
313_STORAGE_1,240,SoC,-16.869755017310226
313_STORAGE_1,288,SoC,-9.827299998392757
315_CT_6,48,DT_Obl,27.54267855980747
315_CT_6,48,PowerGenerated,11.529598052280638
315_CT_6,48,UT_Obl,40.0
315_CT_6,48,UnitOn,29.523896008669453
315_CT_6,96,DT_Obl,27.546001124515012
315_CT_6,96,PowerGenerated,11.468684365975719
315_CT_6,96,UT_Obl,40.0
315_CT_6,96,UnitOn,29.521127204746502
315_CT_6,144,DT_Obl,27.696566018336732
315_CT_6,144,PowerGenerated,9.1734257659917
315_CT_6,144,UT_Obl,40.0
315_CT_6,144,UnitOn,29.39565645989508
315_CT_6,192,DT_Obl,27.42702709209082
315_CT_6,192,PowerGenerated,14.114972747166682
315_CT_6,192,UT_Obl,40.0
315_CT_6,192,UnitOn,29.620272231766666
315_CT_6,240,DT_Obl,27.892532948333823
315_CT_6,240,PowerGenerated,5.115600929297468
315_CT_6,240,UT_Obl,40.0
315_CT_6,240,UnitOn,29.23235068489749
315_CT_6,288,DT_Obl,28.224103758535616
315_CT_6,288,PowerGenerated,7.272399757610516
315_CT_6,288,UT_Obl,40.179685753062095
315_CT_6,288,UnitOn,29.105779803947748
315_CT_7,48,DT_Obl,28.212460161336086
315_CT_7,48,PowerGenerated,-0.7497313090773678
315_CT_7,48,UT_Obl,40.0
315_CT_7,48,UnitOn,28.965744674062268
315_CT_7,96,DT_Obl,27.65221390020933
315_CT_7,96,PowerGenerated,9.521450144913262
315_CT_7,96,UT_Obl,40.0
315_CT_7,96,UnitOn,29.432616558334573
315_CT_7,144,DT_Obl,27.606770501402018
315_CT_7,144,PowerGenerated,10.81967690979477
315_CT_7,144,UT_Obl,40.0
315_CT_7,144,UnitOn,29.470486057340672
315_CT_7,192,DT_Obl,27.42702709209082
315_CT_7,192,PowerGenerated,14.114972747166682
315_CT_7,192,UT_Obl,40.0
315_CT_7,192,UnitOn,29.620272231766666
315_CT_7,240,DT_Obl,27.54277370442298
315_CT_7,240,PowerGenerated,11.527853734329623
315_CT_7,240,UT_Obl,40.0
315_CT_7,240,UnitOn,29.52381672148986
315_CT_7,288,DT_Obl,27.92946642561299
315_CT_7,288,PowerGenerated,8.995408753205282
315_CT_7,288,UT_Obl,40.09942374343329
315_CT_7,288,UnitOn,29.284425906692597
315_CT_8,48,DT_Obl,27.66596161385603
315_CT_8,48,PowerGenerated,9.269408728057096
315_CT_8,48,UT_Obl,40.0
315_CT_8,48,UnitOn,29.421160130295657
315_CT_8,96,DT_Obl,27.65221390020933
315_CT_8,96,PowerGenerated,9.521450144913262
315_CT_8,96,UT_Obl,40.0
315_CT_8,96,UnitOn,29.432616558334573
315_CT_8,144,DT_Obl,27.606770501402018
315_CT_8,144,PowerGenerated,10.81967690979477
315_CT_8,144,UT_Obl,40.0
315_CT_8,144,UnitOn,29.470486057340672
315_CT_8,192,DT_Obl,27.42702709209082
315_CT_8,192,PowerGenerated,14.114972747166682
315_CT_8,192,UT_Obl,40.0
315_CT_8,192,UnitOn,29.620272231766666
315_CT_8,240,DT_Obl,27.793698982792478
315_CT_8,240,PowerGenerated,6.927556964222154
315_CT_8,240,UT_Obl,40.0
315_CT_8,240,UnitOn,29.314712322848614
315_CT_8,288,DT_Obl,28.39261299172042
315_CT_8,288,PowerGenerated,4.349919831022939
315_CT_8,288,UT_Obl,40.188121309167215
315_CT_8,288,UnitOn,28.985868437234007
315_STEAM_1,48,DT_Obl,27.42850342746438
315_STEAM_1,48,PowerGenerated,35.0
315_STEAM_1,48,UT_Obl,40.0
315_STEAM_1,48,UnitOn,30.0
315_STEAM_1,96,DT_Obl,27.42850342746438
315_STEAM_1,96,PowerGenerated,35.0
315_STEAM_1,96,UT_Obl,40.0
315_STEAM_1,96,UnitOn,30.0
315_STEAM_1,144,DT_Obl,27.42850342746438
315_STEAM_1,144,PowerGenerated,35.0
315_STEAM_1,144,UT_Obl,40.0
315_STEAM_1,144,UnitOn,30.0
315_STEAM_1,192,DT_Obl,27.42850342746438
315_STEAM_1,192,PowerGenerated,35.0
315_STEAM_1,192,UT_Obl,40.0
315_STEAM_1,192,UnitOn,30.0
315_STEAM_1,240,DT_Obl,27.42850342746438
315_STEAM_1,240,PowerGenerated,35.0
315_STEAM_1,240,UT_Obl,40.0
315_STEAM_1,240,UnitOn,30.0
315_STEAM_1,288,DT_Obl,27.42850342746438
315_STEAM_1,288,PowerGenerated,35.0
315_STEAM_1,288,UT_Obl,40.0
315_STEAM_1,288,UnitOn,30.0
315_STEAM_2,48,DT_Obl,27.42850342746438
315_STEAM_2,48,PowerGenerated,35.0
315_STEAM_2,48,UT_Obl,40.0
315_STEAM_2,48,UnitOn,30.0
315_STEAM_2,96,DT_Obl,27.42850342746438
315_STEAM_2,96,PowerGenerated,35.0
315_STEAM_2,96,UT_Obl,40.0
315_STEAM_2,96,UnitOn,30.0
315_STEAM_2,144,DT_Obl,27.42850342746438
315_STEAM_2,144,PowerGenerated,35.0
315_STEAM_2,144,UT_Obl,40.0
315_STEAM_2,144,UnitOn,30.0
315_STEAM_2,192,DT_Obl,27.42850342746438
315_STEAM_2,192,PowerGenerated,35.0
315_STEAM_2,192,UT_Obl,40.0
315_STEAM_2,192,UnitOn,30.0
315_STEAM_2,240,DT_Obl,27.42850342746438
315_STEAM_2,240,PowerGenerated,35.0
315_STEAM_2,240,UT_Obl,40.0
315_STEAM_2,240,UnitOn,30.0
315_STEAM_2,288,DT_Obl,27.42850342746438
315_STEAM_2,288,PowerGenerated,35.0
315_STEAM_2,288,UT_Obl,40.0
315_STEAM_2,288,UnitOn,30.0
315_STEAM_3,48,DT_Obl,27.42850342746438
315_STEAM_3,48,PowerGenerated,35.0
315_STEAM_3,48,UT_Obl,40.0
315_STEAM_3,48,UnitOn,30.0
315_STEAM_3,96,DT_Obl,27.42850342746438
315_STEAM_3,96,PowerGenerated,35.0
315_STEAM_3,96,UT_Obl,40.0
315_STEAM_3,96,UnitOn,30.0
315_STEAM_3,144,DT_Obl,27.42850342746438
315_STEAM_3,144,PowerGenerated,35.0
315_STEAM_3,144,UT_Obl,40.0
315_STEAM_3,144,UnitOn,30.0
315_STEAM_3,192,DT_Obl,27.42850342746438
315_STEAM_3,192,PowerGenerated,35.0
315_STEAM_3,192,UT_Obl,40.0
315_STEAM_3,192,UnitOn,30.0
315_STEAM_3,240,DT_Obl,27.42850342746438
315_STEAM_3,240,PowerGenerated,35.0
315_STEAM_3,240,UT_Obl,40.0
315_STEAM_3,240,UnitOn,30.0
315_STEAM_3,288,DT_Obl,27.42850342746438
315_STEAM_3,288,PowerGenerated,35.0
315_STEAM_3,288,UT_Obl,40.0
315_STEAM_3,288,UnitOn,30.0
315_STEAM_4,48,DT_Obl,27.42850342746438
315_STEAM_4,48,PowerGenerated,35.0
315_STEAM_4,48,UT_Obl,40.0
315_STEAM_4,48,UnitOn,30.0
315_STEAM_4,96,DT_Obl,27.42850342746438
315_STEAM_4,96,PowerGenerated,35.0
315_STEAM_4,96,UT_Obl,40.0
315_STEAM_4,96,UnitOn,30.0
315_STEAM_4,144,DT_Obl,27.42850342746438
315_STEAM_4,144,PowerGenerated,35.0
315_STEAM_4,144,UT_Obl,40.0
315_STEAM_4,144,UnitOn,30.0
315_STEAM_4,192,DT_Obl,27.42850342746438
315_STEAM_4,192,PowerGenerated,35.0
315_STEAM_4,192,UT_Obl,40.0
315_STEAM_4,192,UnitOn,30.0
315_STEAM_4,240,DT_Obl,27.42850342746438
315_STEAM_4,240,PowerGenerated,35.0
315_STEAM_4,240,UT_Obl,40.0
315_STEAM_4,240,UnitOn,30.0
315_STEAM_4,288,DT_Obl,27.42850342746438
315_STEAM_4,288,PowerGenerated,35.0
315_STEAM_4,288,UT_Obl,40.0
315_STEAM_4,288,UnitOn,30.0
315_STEAM_5,48,DT_Obl,27.42850342746438
315_STEAM_5,48,PowerGenerated,35.0
315_STEAM_5,48,UT_Obl,40.0
315_STEAM_5,48,UnitOn,30.0
315_STEAM_5,96,DT_Obl,27.42850342746438
315_STEAM_5,96,PowerGenerated,35.0
315_STEAM_5,96,UT_Obl,40.0
315_STEAM_5,96,UnitOn,30.0
315_STEAM_5,144,DT_Obl,27.42850342746438
315_STEAM_5,144,PowerGenerated,35.0
315_STEAM_5,144,UT_Obl,40.0
315_STEAM_5,144,UnitOn,30.0
315_STEAM_5,192,DT_Obl,27.42850342746438
315_STEAM_5,192,PowerGenerated,35.0
315_STEAM_5,192,UT_Obl,40.0
315_STEAM_5,192,UnitOn,30.0
315_STEAM_5,240,DT_Obl,27.42850342746438
315_STEAM_5,240,PowerGenerated,35.0
315_STEAM_5,240,UT_Obl,40.0
315_STEAM_5,240,UnitOn,30.0
315_STEAM_5,288,DT_Obl,27.42850342746438
315_STEAM_5,288,PowerGenerated,35.0
315_STEAM_5,288,UT_Obl,40.0
315_STEAM_5,288,UnitOn,30.0
316_STEAM_1,48,DT_Obl,26.97737981618128
316_STEAM_1,48,PowerGenerated,6.998349838181703
316_STEAM_1,48,UT_Obl,40.0
316_STEAM_1,48,UnitOn,30.402723252066032
316_STEAM_1,96,DT_Obl,14.709611662617306
316_STEAM_1,96,PowerGenerated,12.954616760319293
316_STEAM_1,96,UT_Obl,40.0
316_STEAM_1,96,UnitOn,29.857771721034318
316_STEAM_1,144,DT_Obl,15.806682574437957
316_STEAM_1,144,PowerGenerated,0.4633488130747647
316_STEAM_1,144,UT_Obl,40.0
316_STEAM_1,144,UnitOn,29.777649935043108
316_STEAM_1,192,DT_Obl,15.035905202140995
316_STEAM_1,192,PowerGenerated,10.06458826739519
316_STEAM_1,192,UT_Obl,40.0
316_STEAM_1,192,UnitOn,29.81115835824522
316_STEAM_1,240,DT_Obl,31.522424046653985
316_STEAM_1,240,PowerGenerated,15.531385929281793
316_STEAM_1,240,UT_Obl,40.0
316_STEAM_1,240,UnitOn,30.280515612525587
316_STEAM_1,288,DT_Obl,31.313015542773396
316_STEAM_1,288,PowerGenerated,11.638460875129114
316_STEAM_1,288,UT_Obl,28.646145153542896
316_STEAM_1,288,UnitOn,30.523610322857802
318_CC_1,48,DT_Obl,22.04769007598019
318_CC_1,48,PowerGenerated,11.326957353246897
318_CC_1,48,UT_Obl,40.0
318_CC_1,48,UnitOn,29.90469789594705
318_CC_1,96,DT_Obl,22.04769007598019
318_CC_1,96,PowerGenerated,11.326957353246897
318_CC_1,96,UT_Obl,40.0
318_CC_1,96,UnitOn,29.90469789594705
318_CC_1,144,DT_Obl,22.04769007598019
318_CC_1,144,PowerGenerated,11.326957353246897
318_CC_1,144,UT_Obl,40.0
318_CC_1,144,UnitOn,29.90469789594705
318_CC_1,192,DT_Obl,22.04769007598019
318_CC_1,192,PowerGenerated,11.326957353246899
318_CC_1,192,UT_Obl,40.0
318_CC_1,192,UnitOn,29.90469789594705
318_CC_1,240,DT_Obl,22.210836845742033
318_CC_1,240,PowerGenerated,11.40465988475714
318_CC_1,240,UT_Obl,40.32848322438912
318_CC_1,240,UnitOn,29.90501070807068
318_CC_1,288,DT_Obl,23.974703194724388
318_CC_1,288,PowerGenerated,11.537513854070726
318_CC_1,288,UT_Obl,43.602288685162534
318_CC_1,288,UnitOn,29.939498242496683
321_CC_1,48,DT_Obl,22.04769007598019
321_CC_1,48,PowerGenerated,11.326957353246897
321_CC_1,48,UT_Obl,40.0
321_CC_1,48,UnitOn,29.90469789594705
321_CC_1,96,DT_Obl,22.04769007598019
321_CC_1,96,PowerGenerated,11.326957353246897
321_CC_1,96,UT_Obl,40.0
321_CC_1,96,UnitOn,29.90469789594705
321_CC_1,144,DT_Obl,22.04769007598019
321_CC_1,144,PowerGenerated,11.326957353246897
321_CC_1,144,UT_Obl,40.0
321_CC_1,144,UnitOn,29.90469789594705
321_CC_1,192,DT_Obl,22.210836845742033
321_CC_1,192,PowerGenerated,3.402685679100159
321_CC_1,192,UT_Obl,40.0
321_CC_1,192,UnitOn,29.85808453315795
321_CC_1,240,DT_Obl,22.04769007598019
321_CC_1,240,PowerGenerated,11.326957353246897
321_CC_1,240,UT_Obl,40.0
321_CC_1,240,UnitOn,29.90469789594705
321_CC_1,288,DT_Obl,22.48697315975041
321_CC_1,288,PowerGenerated,16.43019379696843
321_CC_1,288,UT_Obl,40.86470163427129
321_CC_1,288,UnitOn,29.902717248337165
322_CT_5,48,DT_Obl,27.99043828636169
322_CT_5,48,PowerGenerated,3.3206697321198457
322_CT_5,48,UT_Obl,40.0
322_CT_5,48,UnitOn,29.150762903207596
322_CT_5,96,DT_Obl,27.65221390020933
322_CT_5,96,PowerGenerated,9.521450144913262
322_CT_5,96,UT_Obl,40.0
322_CT_5,96,UnitOn,29.432616558334573
322_CT_5,144,DT_Obl,27.43558764764999
322_CT_5,144,PowerGenerated,13.722613950704869
322_CT_5,144,UT_Obl,40.0
322_CT_5,144,UnitOn,29.613138435467363
322_CT_5,192,DT_Obl,27.671958107340462
322_CT_5,192,PowerGenerated,6.32565734404542
322_CT_5,192,UT_Obl,40.0
322_CT_5,192,UnitOn,29.416163052391973
322_CT_5,240,DT_Obl,28.354194426066055
322_CT_5,240,PowerGenerated,9.297324739580546
322_CT_5,240,UT_Obl,40.0
322_CT_5,240,UnitOn,29.297818765002805
322_CT_5,288,DT_Obl,28.224103758535616
322_CT_5,288,PowerGenerated,11.640262882802732
322_CT_5,288,UT_Obl,40.274984584884464
322_CT_5,288,UnitOn,29.185195497133062
322_CT_6,48,DT_Obl,27.701132838813884
322_CT_6,48,PowerGenerated,8.624602937163013
322_CT_6,48,UT_Obl,40.0
322_CT_6,48,UnitOn,29.391850776164105
322_CT_6,96,DT_Obl,27.740911465943253
322_CT_6,96,PowerGenerated,7.895328106458045
322_CT_6,96,UT_Obl,40.0
322_CT_6,96,UnitOn,29.358701920222973
322_CT_6,144,DT_Obl,27.525383164584703
322_CT_6,144,PowerGenerated,12.076362806901798
322_CT_6,144,UT_Obl,40.0
322_CT_6,144,UnitOn,29.53830883802177
322_CT_6,192,DT_Obl,27.671958107340462
322_CT_6,192,PowerGenerated,6.32565734404542
322_CT_6,192,UT_Obl,40.0
322_CT_6,192,UnitOn,29.416163052391973
322_CT_6,240,DT_Obl,28.454860167306087
322_CT_6,240,PowerGenerated,6.981630387516885
322_CT_6,240,UT_Obl,40.0
322_CT_6,240,UnitOn,29.206298248558245
322_CT_6,288,DT_Obl,28.569050850864215
322_CT_6,288,PowerGenerated,7.556884734294892
322_CT_6,288,UT_Obl,40.37270312215255
322_CT_6,288,UnitOn,28.979171701249292
323_CC_1,48,DT_Obl,22.04769007598019
323_CC_1,48,PowerGenerated,11.326957353246897
323_CC_1,48,UT_Obl,40.0
323_CC_1,48,UnitOn,29.90469789594705
323_CC_1,96,DT_Obl,22.04769007598019
323_CC_1,96,PowerGenerated,11.326957353246897
323_CC_1,96,UT_Obl,40.0
323_CC_1,96,UnitOn,29.90469789594705
323_CC_1,144,DT_Obl,22.04769007598019
323_CC_1,144,PowerGenerated,11.326957353246897
323_CC_1,144,UT_Obl,40.0
323_CC_1,144,UnitOn,29.90469789594705
323_CC_1,192,DT_Obl,22.04769007598019
323_CC_1,192,PowerGenerated,11.326957353246899
323_CC_1,192,UT_Obl,40.0
323_CC_1,192,UnitOn,29.90469789594705
323_CC_1,240,DT_Obl,22.210836845742033
323_CC_1,240,PowerGenerated,11.404659884757136
323_CC_1,240,UT_Obl,40.32848322438912
323_CC_1,240,UnitOn,29.90501070807068
323_CC_1,288,DT_Obl,25.067503367508152
323_CC_1,288,PowerGenerated,1.4643256331952283
323_CC_1,288,UT_Obl,42.71885957014342
323_CC_1,288,UnitOn,29.678037389975245
323_CC_2,48,DT_Obl,22.04769007598019
323_CC_2,48,PowerGenerated,11.326957353246897
323_CC_2,48,UT_Obl,40.0
323_CC_2,48,UnitOn,29.90469789594705
323_CC_2,96,DT_Obl,22.585124737791496
323_CC_2,96,PowerGenerated,11.75389874105067
323_CC_2,96,UT_Obl,41.55726512790099
323_CC_2,96,UnitOn,30.004613222771155
323_CC_2,144,DT_Obl,22.04769007598019
323_CC_2,144,PowerGenerated,11.326957353246897
323_CC_2,144,UT_Obl,40.0
323_CC_2,144,UnitOn,29.90469789594705
323_CC_2,192,DT_Obl,22.425301193791267
323_CC_2,192,PowerGenerated,5.176247177050044
323_CC_2,192,UT_Obl,40.69976952115592
323_CC_2,192,UnitOn,29.89677607959473
323_CC_2,240,DT_Obl,22.210836845742033
323_CC_2,240,PowerGenerated,11.40465988475714
323_CC_2,240,UT_Obl,40.32848322438912
323_CC_2,240,UnitOn,29.90501070807068
323_CC_2,288,DT_Obl,24.83013908240866
323_CC_2,288,PowerGenerated,14.863833248846536
323_CC_2,288,UT_Obl,43.67647509332473
323_CC_2,288,UnitOn,29.785907313547305
