g,t,var,multiplier
PP_1016_9,24,DT_Obl,0.7064260749274736
PP_1016_9,24,PowerGenerated,-251.32129887513727
PP_1016_9,24,UT_Obl,-0.5724230577468141
PP_1016_9,24,UnitOn,21.37002110069662
PP_1016_9,48,DT_Obl,4.042076790709547
PP_1016_9,48,PowerGenerated,18.63743283609084
PP_1016_9,48,UT_Obl,1.7641850428097094
PP_1016_9,48,UnitOn,25.025697679768754
PP_1016_all,24,DT_Obl,0.06166293257968336
PP_1016_all,24,PowerGenerated,-430.66335113500315
PP_1016_all,24,UT_Obl,21.43189864326132
PP_1016_all,24,UnitOn,23.249639861471415
PP_1016_all,48,DT_Obl,2.76798092197215
PP_1016_all,48,PowerGenerated,-110.91832324219035
PP_1016_all,48,UT_Obl,40.0
PP_1016_all,48,UnitOn,28.371843153433673
PP_10795_GEN3,24,DT_Obl,32.0
PP_10795_GEN3,24,PowerGenerated,-32.75536884358302
PP_10795_GEN3,24,UT_Obl,21.736064912250303
PP_10795_GEN3,24,UnitOn,16.710367232481545
PP_10795_GEN3,48,DT_Obl,32.0
PP_10795_GEN3,48,PowerGenerated,5.341001873691725
PP_10795_GEN3,48,UT_Obl,21.736064912250303
PP_10795_GEN3,48,UnitOn,23.460727371010126
PP_2706_CT5,24,DT_Obl,1.3805724733717488
PP_2706_CT5,24,PowerGenerated,-361.73595577270817
PP_2706_CT5,24,UT_Obl,64.87151160115623
PP_2706_CT5,24,UnitOn,23.249639861471415
PP_2706_CT5,48,DT_Obl,0.6485490246294856
PP_2706_CT5,48,PowerGenerated,-354.1743656297503
PP_2706_CT5,48,UT_Obl,40.0
PP_2706_CT5,48,UnitOn,25.277159593977228
PP_2706_CT7,24,DT_Obl,1.3805724733717488
PP_2706_CT7,24,PowerGenerated,-361.73595577270817
PP_2706_CT7,24,UT_Obl,64.87151160115623
PP_2706_CT7,24,UnitOn,23.249639861471415
PP_2706_CT7,48,DT_Obl,0.6485490246294856
PP_2706_CT7,48,PowerGenerated,-354.1743656297503
PP_2706_CT7,48,UT_Obl,40.0
PP_2706_CT7,48,UnitOn,25.277159593977228
PP_2706_GT1,24,DT_Obl,13.7360649122503
PP_2706_GT1,24,PowerGenerated,-404.27302216047224
PP_2706_GT1,24,UT_Obl,40.0
PP_2706_GT1,24,UnitOn,23.249639861471415
PP_2706_GT1,48,DT_Obl,13.7360649122503
PP_2706_GT1,48,PowerGenerated,-395.90069667268887
PP_2706_GT1,48,UT_Obl,40.0
PP_2706_GT1,48,UnitOn,25.277159593977228
PP_2706_GT2,24,DT_Obl,13.7360649122503
PP_2706_GT2,24,PowerGenerated,-404.48052004529063
PP_2706_GT2,24,UT_Obl,40.0
PP_2706_GT2,24,UnitOn,23.249639861471415
PP_2706_GT2,48,DT_Obl,13.7360649122503
PP_2706_GT2,48,PowerGenerated,-396.10423975094716
PP_2706_GT2,48,UT_Obl,40.0
PP_2706_GT2,48,UnitOn,25.277159593977228
PP_2706_ST6,24,DT_Obl,2.6589797465639013
PP_2706_ST6,24,PowerGenerated,-447.76146111758845
PP_2706_ST6,24,UT_Obl,-3.450276839283487
PP_2706_ST6,24,UnitOn,18.275337541240173
PP_2706_ST6,48,DT_Obl,4.042076790709547
PP_2706_ST6,48,PowerGenerated,-1.5952544753595146
PP_2706_ST6,48,UT_Obl,1.6554225615846527
PP_2706_ST6,48,UnitOn,28.120381239225203
PP_2706_ST8,24,DT_Obl,2.6589797465639013
PP_2706_ST8,24,PowerGenerated,-447.76146111758845
PP_2706_ST8,24,UT_Obl,-3.450276839283487
PP_2706_ST8,24,UnitOn,18.275337541240173
PP_2706_ST8,48,DT_Obl,4.042076790709547
PP_2706_ST8,48,PowerGenerated,-0.8303223191994955
PP_2706_ST8,48,UT_Obl,1.6554225615846527
PP_2706_ST8,48,UnitOn,28.120381239225203
PP_2707_GT1,24,DT_Obl,13.7360649122503
PP_2707_GT1,24,PowerGenerated,-88.21444777798547
PP_2707_GT1,24,UT_Obl,40.0
PP_2707_GT1,24,UnitOn,14.830748471706746
PP_2707_GT1,48,DT_Obl,13.7360649122503
PP_2707_GT1,48,PowerGenerated,-108.79409344837084
PP_2707_GT1,48,UT_Obl,40.0
PP_2707_GT1,48,UnitOn,11.7360649122503
PP_2707_GT2,24,DT_Obl,13.7360649122503
PP_2707_GT2,24,PowerGenerated,-88.21444777798547
PP_2707_GT2,24,UT_Obl,40.0
PP_2707_GT2,24,UnitOn,14.830748471706746
PP_2707_GT2,48,DT_Obl,13.7360649122503
PP_2707_GT2,48,PowerGenerated,-108.79409344837084
PP_2707_GT2,48,UT_Obl,40.0
PP_2707_GT2,48,UnitOn,11.7360649122503
PP_2707_GT3,24,DT_Obl,13.7360649122503
PP_2707_GT3,24,PowerGenerated,-88.21444777798547
PP_2707_GT3,24,UT_Obl,40.0
PP_2707_GT3,24,UnitOn,14.830748471706746
PP_2707_GT3,48,DT_Obl,13.7360649122503
PP_2707_GT3,48,PowerGenerated,-108.79409344837084
PP_2707_GT3,48,UT_Obl,40.0
PP_2707_GT3,48,UnitOn,11.7360649122503
PP_2707_GT4,24,DT_Obl,13.7360649122503
PP_2707_GT4,24,PowerGenerated,-88.21444777798547
PP_2707_GT4,24,UT_Obl,40.0
PP_2707_GT4,24,UnitOn,14.830748471706746
PP_2707_GT4,48,DT_Obl,13.7360649122503
PP_2707_GT4,48,PowerGenerated,-108.79409344837084
PP_2707_GT4,48,UT_Obl,40.0
PP_2707_GT4,48,UnitOn,11.7360649122503
PP_2709_1,24,DT_Obl,20.275337541240173
PP_2709_1,24,PowerGenerated,-351.305794072071
PP_2709_1,24,UT_Obl,33.460727371010115
PP_2709_1,24,UnitOn,19.80505079193799
PP_2709_1,48,DT_Obl,22.617505725762154
PP_2709_1,48,PowerGenerated,-643.0889933364233
PP_2709_1,48,UT_Obl,31.11855918648814
PP_2709_1,48,UnitOn,22.934991409455247
PP_2709_1A,24,DT_Obl,1.3805724733717488
PP_2709_1A,24,PowerGenerated,-442.79665922141726
PP_2709_1A,24,UT_Obl,64.87151160115623
PP_2709_1A,24,UnitOn,23.249639861471415
PP_2709_1A,48,DT_Obl,0.6485490246294856
PP_2709_1A,48,PowerGenerated,-414.8302029507051
PP_2709_1A,48,UT_Obl,40.0
PP_2709_1A,48,UnitOn,25.277159593977228
PP_2709_1B,24,DT_Obl,1.3805724733717488
PP_2709_1B,24,PowerGenerated,-442.79665922141726
PP_2709_1B,24,UT_Obl,64.87151160115623
PP_2709_1B,24,UnitOn,23.249639861471415
PP_2709_1B,48,DT_Obl,0.6485490246294856
PP_2709_1B,48,PowerGenerated,-414.8302029507051
PP_2709_1B,48,UT_Obl,40.0
PP_2709_1B,48,UnitOn,25.277159593977228
PP_2709_1C,24,DT_Obl,0.06166293257968336
PP_2709_1C,24,PowerGenerated,-442.79665922141726
PP_2709_1C,24,UT_Obl,46.30341024441755
PP_2709_1C,24,UnitOn,23.249639861471415
PP_2709_1C,48,DT_Obl,2.76798092197215
PP_2709_1C,48,PowerGenerated,-104.05972158915084
PP_2709_1C,48,UT_Obl,40.0
PP_2709_1C,48,UnitOn,28.371843153433673
PP_2709_2,24,DT_Obl,13.7360649122503
PP_2709_2,24,PowerGenerated,-370.03587116544276
PP_2709_2,24,UT_Obl,40.0
PP_2709_2,24,UnitOn,23.249639861471415
PP_2709_2,48,DT_Obl,13.7360649122503
PP_2709_2,48,PowerGenerated,-362.3160887600798
PP_2709_2,48,UT_Obl,40.0
PP_2709_2,48,UnitOn,25.277159593977228
PP_2709_3,24,DT_Obl,13.7360649122503
PP_2709_3,24,PowerGenerated,-370.03587116544276
PP_2709_3,24,UT_Obl,40.0
PP_2709_3,24,UnitOn,23.249639861471415
PP_2709_3,48,DT_Obl,13.7360649122503
PP_2709_3,48,PowerGenerated,-362.3160887600798
PP_2709_3,48,UT_Obl,40.0
PP_2709_3,48,UnitOn,25.277159593977228
PP_2709_4,24,DT_Obl,13.7360649122503
PP_2709_4,24,PowerGenerated,-370.03587116544276
PP_2709_4,24,UT_Obl,40.0
PP_2709_4,24,UnitOn,23.249639861471415
PP_2709_4,48,DT_Obl,13.7360649122503
PP_2709_4,48,PowerGenerated,-362.3160887600798
PP_2709_4,48,UT_Obl,40.0
PP_2709_4,48,UnitOn,25.277159593977228
PP_2709_5,24,DT_Obl,16.830748471706748
PP_2709_5,24,PowerGenerated,-377.71329290372194
PP_2709_5,24,UT_Obl,36.90531644054356
PP_2709_5,24,UnitOn,23.249639861471415
PP_2709_5,48,DT_Obl,22.617505725762154
PP_2709_5,48,PowerGenerated,-655.9421146240502
PP_2709_5,48,UT_Obl,31.11855918648814
PP_2709_5,48,UnitOn,22.934991409455247
PP_2709_ST1,24,DT_Obl,13.431898643261317
PP_2709_ST1,24,PowerGenerated,2.41393124441535
PP_2709_ST1,24,UT_Obl,0.2317635518239709
PP_2709_ST1,24,UnitOn,28.120381239225203
PP_2709_ST1,48,DT_Obl,-0.006746469032984592
PP_2709_ST1,48,PowerGenerated,58.966506416984075
PP_2709_ST1,48,UT_Obl,-0.19725011263755254
PP_2709_ST1,48,UnitOn,32.34216818452198
PP_2713_CA1,24,DT_Obl,4.801919743957933
PP_2713_CA1,24,PowerGenerated,-227.79111541555682
PP_2713_CA1,24,UT_Obl,0.764364226060744
PP_2713_CA1,24,UnitOn,21.11855918648815
PP_2713_CA1,48,DT_Obl,3.1690817630440264
PP_2713_CA1,48,PowerGenerated,-512.7916423547609
PP_2713_CA1,48,UT_Obl,12.042076790709546
PP_2713_CA1,48,UnitOn,27.156778354752024
PP_2713_CT004,24,DT_Obl,16.830748471706748
PP_2713_CT004,24,PowerGenerated,-273.4404542366408
PP_2713_CT004,24,UT_Obl,36.90531644054356
PP_2713_CT004,24,UnitOn,18.275337541240173
PP_2713_CT004,48,DT_Obl,13.7360649122503
PP_2713_CT004,48,PowerGenerated,-129.42453419973836
PP_2713_CT004,48,UT_Obl,40.0
PP_2713_CT004,48,UnitOn,19.490402339921822
PP_2713_CT005,24,DT_Obl,16.830748471706748
PP_2713_CT005,24,PowerGenerated,-273.4404542366408
PP_2713_CT005,24,UT_Obl,36.90531644054356
PP_2713_CT005,24,UnitOn,18.275337541240173
PP_2713_CT005,48,DT_Obl,22.617505725762154
PP_2713_CT005,48,PowerGenerated,-129.42453419973836
PP_2713_CT005,48,UT_Obl,31.11855918648814
PP_2713_CT005,48,UnitOn,19.490402339921822
PP_2713_CT1,24,DT_Obl,2.327783720319809
PP_2713_CT1,24,PowerGenerated,-441.3670512429095
PP_2713_CT1,24,UT_Obl,-4.01186298111822
PP_2713_CT1,24,UnitOn,23.249639861471415
PP_2713_CT1,48,DT_Obl,-0.006746469032984592
PP_2713_CT1,48,PowerGenerated,65.65223057210052
PP_2713_CT1,48,UT_Obl,0.7184617118800909
PP_2713_CT1,48,UnitOn,32.34216818452198
PP_2713_CT2,24,DT_Obl,6.892626014271443
PP_2713_CT2,24,PowerGenerated,-28.824770581205748
PP_2713_CT2,24,UT_Obl,-3.3068692652044147
PP_2713_CT2,24,UnitOn,21.832570524443803
PP_2713_CT2,48,DT_Obl,4.042076790709547
PP_2713_CT2,48,PowerGenerated,10.307010195912568
PP_2713_CT2,48,UT_Obl,1.7641850428097094
PP_2713_CT2,48,UnitOn,25.025697679768754
PP_2716_GT1,24,DT_Obl,25.460727371010126
PP_2716_GT1,24,PowerGenerated,-167.39811625115107
PP_2716_GT1,24,UT_Obl,28.27533754124018
PP_2716_GT1,24,UnitOn,18.275337541240173
PP_2716_GT1,48,DT_Obl,32.0
PP_2716_GT1,48,PowerGenerated,-143.19064582167135
PP_2716_GT1,48,UT_Obl,21.736064912250303
PP_2716_GT1,48,UnitOn,14.830748471706746
PP_2716_GT2,24,DT_Obl,13.7360649122503
PP_2716_GT2,24,PowerGenerated,-120.71172007319109
PP_2716_GT2,24,UT_Obl,40.0
PP_2716_GT2,24,UnitOn,21.37002110069662
PP_2716_GT2,48,DT_Obl,13.7360649122503
PP_2716_GT2,48,PowerGenerated,-195.75404487619969
PP_2716_GT2,48,UT_Obl,40.0
PP_2716_GT2,48,UnitOn,16.395718780465376
PP_2716_GT3,24,DT_Obl,13.7360649122503
PP_2716_GT3,24,PowerGenerated,-128.94836017781833
PP_2716_GT3,24,UT_Obl,40.0
PP_2716_GT3,24,UnitOn,21.37002110069662
PP_2716_GT3,48,DT_Obl,13.7360649122503
PP_2716_GT3,48,PowerGenerated,-207.96017823237142
PP_2716_GT3,48,UT_Obl,40.0
PP_2716_GT3,48,UnitOn,16.395718780465376
PP_2716_GT4,24,DT_Obl,13.7360649122503
PP_2716_GT4,24,PowerGenerated,-128.94836017781833
PP_2716_GT4,24,UT_Obl,40.0
PP_2716_GT4,24,UnitOn,21.37002110069662
PP_2716_GT4,48,DT_Obl,13.7360649122503
PP_2716_GT4,48,PowerGenerated,-207.96017823237142
PP_2716_GT4,48,UT_Obl,40.0
PP_2716_GT4,48,UnitOn,16.395718780465376
PP_2720_CT11,24,DT_Obl,1.3805724733717488
PP_2720_CT11,24,PowerGenerated,-349.49358056842476
PP_2720_CT11,24,UT_Obl,40.0
PP_2720_CT11,24,UnitOn,23.249639861471415
PP_2720_CT11,48,DT_Obl,3.0382176796505496
PP_2720_CT11,48,PowerGenerated,-608.6982093506109
PP_2720_CT11,48,UT_Obl,19.40771826387824
PP_2720_CT11,48,UnitOn,22.934991409455247
PP_2720_CT12,24,DT_Obl,0.06166293257968336
PP_2720_CT12,24,PowerGenerated,-349.49358056842476
PP_2720_CT12,24,UT_Obl,36.90531644054356
PP_2720_CT12,24,UnitOn,23.249639861471415
PP_2720_CT12,48,DT_Obl,3.0382176796505496
PP_2720_CT12,48,PowerGenerated,-608.6982093506109
PP_2720_CT12,48,UT_Obl,19.40771826387824
PP_2720_CT12,48,UnitOn,22.934991409455247
PP_2720_ST10,24,DT_Obl,0.985604452204651
PP_2720_ST10,24,PowerGenerated,-80.90976024087749
PP_2720_ST10,24,UT_Obl,75.00911026368526
PP_2720_ST10,24,UnitOn,21.832570524443803
PP_2720_ST10,48,DT_Obl,-0.020210649724047958
PP_2720_ST10,48,PowerGenerated,-568.1168810780068
PP_2720_ST10,48,UT_Obl,72.69636314494937
PP_2720_ST10,48,UnitOn,27.156778354752024
PP_2721_6,24,DT_Obl,32.0
PP_2721_6,24,PowerGenerated,-6496.162029710317
PP_2721_6,24,UT_Obl,-9.41329057659415
PP_2721_6,24,UnitOn,11.7360649122503
PP_2721_6,48,DT_Obl,32.0
PP_2721_6,48,PowerGenerated,-139.72331568577695
PP_2721_6,48,UT_Obl,7.19589762209891
PP_2721_6,48,UnitOn,30.0
PP_2723_CT8,24,DT_Obl,0.06166293257968336
PP_2723_CT8,24,PowerGenerated,-349.49358056842476
PP_2723_CT8,24,UT_Obl,46.30341024441755
PP_2723_CT8,24,UnitOn,23.249639861471415
PP_2723_CT8,48,DT_Obl,2.76798092197215
PP_2723_CT8,48,PowerGenerated,-121.33436881328421
PP_2723_CT8,48,UT_Obl,40.0
PP_2723_CT8,48,UnitOn,28.371843153433673
PP_2723_CT9,24,DT_Obl,4.801919743957933
PP_2723_CT9,24,PowerGenerated,-331.71344078665334
PP_2723_CT9,24,UT_Obl,0.764364226060744
PP_2723_CT9,24,UnitOn,19.80505079193799
PP_2723_CT9,48,DT_Obl,27.277159593977228
PP_2723_CT9,48,PowerGenerated,-716.0096221053113
PP_2723_CT9,48,UT_Obl,-1.2241926018517475
PP_2723_CT9,48,UnitOn,18.275337541240173
PP_2723_ST7,24,DT_Obl,6.892626014271443
PP_2723_ST7,24,PowerGenerated,-57.33082841320006
PP_2723_ST7,24,UT_Obl,-1.4708621734350307
PP_2723_ST7,24,UnitOn,28.120381239225203
PP_2723_ST7,48,DT_Obl,32.0
PP_2723_ST7,48,PowerGenerated,50.644736720603525
PP_2723_ST7,48,UT_Obl,1.7332556966733237
PP_2723_ST7,48,UnitOn,23.460727371010126
PP_2727_3,24,DT_Obl,-5.791363319926722
PP_2727_3,24,PowerGenerated,-1930.1659085266529
PP_2727_3,24,UT_Obl,-5.571689971042712
PP_2727_3,24,UnitOn,23.460727371010126
PP_2727_3,48,DT_Obl,2.1816197438795264
PP_2727_3,48,PowerGenerated,-1449.102748435975
PP_2727_3,48,UT_Obl,-11.817933867135096
PP_2727_3,48,UnitOn,27.657831815478023
PP_2727_4,24,DT_Obl,3.768065913865536
PP_2727_4,24,PowerGenerated,-3303.943568624567
PP_2727_4,24,UT_Obl,-10.27511102499577
PP_2727_4,24,UnitOn,18.275337541240173
PP_2727_4,48,DT_Obl,-7.098427249202263
PP_2727_4,48,PowerGenerated,77.07453348759412
PP_2727_4,48,UT_Obl,-7.218062498960258
PP_2727_4,48,UnitOn,32.34216818452198
PP_3250_12,24,DT_Obl,32.0
PP_3250_12,24,PowerGenerated,-37.40311059003844
PP_3250_12,24,UT_Obl,21.736064912250303
PP_3250_12,24,UnitOn,18.73788696498735
PP_3250_12,48,DT_Obl,32.0
PP_3250_12,48,PowerGenerated,-598.1888464227457
PP_3250_12,48,UT_Obl,21.736064912250303
PP_3250_12,48,UnitOn,18.275337541240173
PP_3250_13,24,DT_Obl,32.0
PP_3250_13,24,PowerGenerated,-37.40311059003844
PP_3250_13,24,UT_Obl,21.736064912250303
PP_3250_13,24,UnitOn,18.73788696498735
PP_3250_13,48,DT_Obl,32.0
PP_3250_13,48,PowerGenerated,-311.2673502503065
PP_3250_13,48,UT_Obl,21.736064912250303
PP_3250_13,48,UnitOn,21.37002110069662
PP_3264_3,24,DT_Obl,20.275337541240173
PP_3264_3,24,PowerGenerated,-287.97697537173144
PP_3264_3,24,UT_Obl,33.460727371010115
PP_3264_3,24,UnitOn,19.80505079193799
PP_3264_3,48,DT_Obl,22.617505725762154
PP_3264_3,48,PowerGenerated,-584.8988435423814
PP_3264_3,48,UT_Obl,31.11855918648814
PP_3264_3,48,UnitOn,22.934991409455247
PP_3264_7,24,DT_Obl,13.7360649122503
PP_3264_7,24,PowerGenerated,-176.7993169761289
PP_3264_7,24,UT_Obl,40.0
PP_3264_7,24,UnitOn,21.37002110069662
PP_3264_7,48,DT_Obl,22.617505725762154
PP_3264_7,48,PowerGenerated,-278.87200058727416
PP_3264_7,48,UT_Obl,31.11855918648814
PP_3264_7,48,UnitOn,16.395718780465376
PP_3264_8,24,DT_Obl,13.7360649122503
PP_3264_8,24,PowerGenerated,-176.7993169761289
PP_3264_8,24,UT_Obl,40.0
PP_3264_8,24,UnitOn,21.37002110069662
PP_3264_8,48,DT_Obl,13.7360649122503
PP_3264_8,48,PowerGenerated,-278.87200058727416
PP_3264_8,48,UT_Obl,40.0
PP_3264_8,48,UnitOn,16.395718780465376
PP_3264_CT11,24,DT_Obl,1.3805724733717488
PP_3264_CT11,24,PowerGenerated,-411.48394378364947
PP_3264_CT11,24,UT_Obl,64.87151160115623
PP_3264_CT11,24,UnitOn,23.249639861471415
PP_3264_CT11,48,DT_Obl,0.6485490246294856
PP_3264_CT11,48,PowerGenerated,-458.18487861970965
PP_3264_CT11,48,UT_Obl,40.0
PP_3264_CT11,48,UnitOn,25.277159593977228
PP_3264_CT12,24,DT_Obl,0.06166293257968336
PP_3264_CT12,24,PowerGenerated,-411.48394378364947
PP_3264_CT12,24,UT_Obl,46.30341024441755
PP_3264_CT12,24,UnitOn,23.249639861471415
PP_3264_CT12,48,DT_Obl,2.76798092197215
PP_3264_CT12,48,PowerGenerated,-117.46231014050333
PP_3264_CT12,48,UT_Obl,40.0
PP_3264_CT12,48,UnitOn,28.371843153433673
PP_3264_ST10,24,DT_Obl,6.892626014271443
PP_3264_ST10,24,PowerGenerated,3.30739067867664
PP_3264_ST10,24,UT_Obl,-1.4708621734350307
PP_3264_ST10,24,UnitOn,28.120381239225203
PP_3264_ST10,48,DT_Obl,-0.006746469032984592
PP_3264_ST10,48,PowerGenerated,56.42783203355539
PP_3264_ST10,48,UT_Obl,-0.8215478481448821
PP_3264_ST10,48,UnitOn,32.34216818452198
PP_3291_GT2,24,DT_Obl,32.0
PP_3291_GT2,24,PowerGenerated,-0.06304712393040646
PP_3291_GT2,24,UT_Obl,21.736064912250303
PP_3291_GT2,24,UnitOn,23.7121892852186
PP_3291_GT2,48,DT_Obl,32.0
PP_3291_GT2,48,PowerGenerated,34.99999999999988
PP_3291_GT2,48,UT_Obl,21.736064912250303
PP_3291_GT2,48,UnitOn,30.0
PP_3291_GT3,24,DT_Obl,32.0
PP_3291_GT3,24,PowerGenerated,8.448129290550904
PP_3291_GT3,24,UT_Obl,21.736064912250303
PP_3291_GT3,24,UnitOn,30.0
PP_3291_GT3,48,DT_Obl,32.0
PP_3291_GT3,48,PowerGenerated,35.0
PP_3291_GT3,48,UT_Obl,21.736064912250303
PP_3291_GT3,48,UnitOn,30.0
PP_3291_GT4,24,DT_Obl,32.0
PP_3291_GT4,24,PowerGenerated,5.272025370704119
PP_3291_GT4,24,UT_Obl,21.736064912250303
PP_3291_GT4,24,UnitOn,30.0
PP_3291_GT4,48,DT_Obl,32.0
PP_3291_GT4,48,PowerGenerated,35.0
PP_3291_GT4,48,UT_Obl,21.736064912250303
PP_3291_GT4,48,UnitOn,30.0
PP_3320_1,24,DT_Obl,32.0
PP_3320_1,24,PowerGenerated,35.0
PP_3320_1,24,UT_Obl,21.736064912250303
PP_3320_1,24,UnitOn,30.0
PP_3320_1,48,DT_Obl,32.0
PP_3320_1,48,PowerGenerated,-30.38248822528316
PP_3320_1,48,UT_Obl,21.736064912250303
PP_3320_1,48,UnitOn,14.830748471706746
PP_3320_2,24,DT_Obl,32.0
PP_3320_2,24,PowerGenerated,35.0
PP_3320_2,24,UT_Obl,21.736064912250303
PP_3320_2,24,UnitOn,30.0
PP_3320_2,48,DT_Obl,32.0
PP_3320_2,48,PowerGenerated,-33.876571053079665
PP_3320_2,48,UT_Obl,21.736064912250303
PP_3320_2,48,UnitOn,14.830748471706746
PP_3320_3,24,DT_Obl,32.0
PP_3320_3,24,PowerGenerated,35.0
PP_3320_3,24,UT_Obl,21.736064912250303
PP_3320_3,24,UnitOn,30.0
PP_3320_3,48,DT_Obl,32.0
PP_3320_3,48,PowerGenerated,-50.235373964643614
PP_3320_3,48,UT_Obl,21.736064912250303
PP_3320_3,48,UnitOn,21.37002110069662
PP_3320_4,24,DT_Obl,32.0
PP_3320_4,24,PowerGenerated,35.0
PP_3320_4,24,UT_Obl,21.736064912250303
PP_3320_4,24,UnitOn,30.0
PP_3320_4,48,DT_Obl,32.0
PP_3320_4,48,PowerGenerated,-40.70909455369994
PP_3320_4,48,UT_Obl,21.736064912250303
PP_3320_4,48,UnitOn,21.37002110069662
PP_3320_5,24,DT_Obl,32.0
PP_3320_5,24,PowerGenerated,35.0
PP_3320_5,24,UT_Obl,21.736064912250303
PP_3320_5,24,UnitOn,30.0
PP_3320_5,48,DT_Obl,32.0
PP_3320_5,48,PowerGenerated,18.544045543810274
PP_3320_5,48,UT_Obl,21.736064912250303
PP_3320_5,48,UnitOn,23.460727371010126
PP_50555_GEN1,24,DT_Obl,32.0
PP_50555_GEN1,24,PowerGenerated,34.99999999999902
PP_50555_GEN1,24,UT_Obl,21.736064912250303
PP_50555_GEN1,24,UnitOn,30.0
PP_50555_GEN1,48,DT_Obl,32.0
PP_50555_GEN1,48,PowerGenerated,34.999999999999574
PP_50555_GEN1,48,UT_Obl,21.736064912250303
PP_50555_GEN1,48,UnitOn,30.0
PP_50555_GEN2,24,DT_Obl,32.0
PP_50555_GEN2,24,PowerGenerated,35.0
PP_50555_GEN2,24,UT_Obl,21.736064912250303
PP_50555_GEN2,24,UnitOn,30.0
PP_50555_GEN2,48,DT_Obl,32.0
PP_50555_GEN2,48,PowerGenerated,35.0
PP_50555_GEN2,48,UT_Obl,21.736064912250303
PP_50555_GEN2,48,UnitOn,30.0
PP_50555_GEN3,24,DT_Obl,32.0
PP_50555_GEN3,24,PowerGenerated,35.0
PP_50555_GEN3,24,UT_Obl,21.736064912250303
PP_50555_GEN3,24,UnitOn,30.0
PP_50555_GEN3,48,DT_Obl,32.0
PP_50555_GEN3,48,PowerGenerated,35.0
PP_50555_GEN3,48,UT_Obl,21.736064912250303
PP_50555_GEN3,48,UnitOn,30.0
PP_54276_TG3,24,DT_Obl,32.0
PP_54276_TG3,24,PowerGenerated,-311.9746445649103
PP_54276_TG3,24,UT_Obl,-9.41329057659415
PP_54276_TG3,24,UnitOn,11.7360649122503
PP_54276_TG3,48,DT_Obl,32.0
PP_54276_TG3,48,PowerGenerated,35.0
PP_54276_TG3,48,UT_Obl,7.19589762209891
PP_54276_TG3,48,UnitOn,30.0
PP_54675_DI2,24,DT_Obl,32.0
PP_54675_DI2,24,PowerGenerated,34.99999999999985
PP_54675_DI2,24,UT_Obl,21.736064912250303
PP_54675_DI2,24,UnitOn,30.0
PP_54675_DI2,48,DT_Obl,32.0
PP_54675_DI2,48,PowerGenerated,34.9999999999999
PP_54675_DI2,48,UT_Obl,21.736064912250303
PP_54675_DI2,48,UnitOn,30.0
PP_55043_GT1,24,DT_Obl,1.5652451245525312
PP_55043_GT1,24,PowerGenerated,-200.33257441792105
PP_55043_GT1,24,UT_Obl,40.0
PP_55043_GT1,24,UnitOn,21.37002110069662
PP_55043_GT1,48,DT_Obl,-0.199468283435436
PP_55043_GT1,48,PowerGenerated,-313.7466673191935
PP_55043_GT1,48,UT_Obl,40.0
PP_55043_GT1,48,UnitOn,16.395718780465376
PP_55043_ST1,24,DT_Obl,2.6589797465639013
PP_55043_ST1,24,PowerGenerated,-45.0893090660488
PP_55043_ST1,24,UT_Obl,-0.23401916939852496
PP_55043_ST1,24,UnitOn,24.563148256021574
PP_55043_ST1,48,DT_Obl,32.0
PP_55043_ST1,48,PowerGenerated,2.6658770405002614
PP_55043_ST1,48,UT_Obl,1.7332556966733237
PP_55043_ST1,48,UnitOn,23.460727371010126
PP_55166_CT01,24,DT_Obl,13.7360649122503
PP_55166_CT01,24,PowerGenerated,-373.7708330921731
PP_55166_CT01,24,UT_Obl,40.0
PP_55166_CT01,24,UnitOn,23.249639861471415
PP_55166_CT01,48,DT_Obl,13.7360649122503
PP_55166_CT01,48,PowerGenerated,-365.979864168728
PP_55166_CT01,48,UT_Obl,40.0
PP_55166_CT01,48,UnitOn,25.277159593977228
PP_55166_CT02,24,DT_Obl,13.7360649122503
PP_55166_CT02,24,PowerGenerated,-373.7708330921731
PP_55166_CT02,24,UT_Obl,40.0
PP_55166_CT02,24,UnitOn,23.249639861471415
PP_55166_CT02,48,DT_Obl,13.7360649122503
PP_55166_CT02,48,PowerGenerated,-365.979864168728
PP_55166_CT02,48,UT_Obl,40.0
PP_55166_CT02,48,UnitOn,25.277159593977228
PP_55166_CT03,24,DT_Obl,25.460727371010126
PP_55166_CT03,24,PowerGenerated,-259.92152531889377
PP_55166_CT03,24,UT_Obl,28.27533754124018
PP_55166_CT03,24,UnitOn,24.563148256021574
PP_55166_CT03,48,DT_Obl,32.0
PP_55166_CT03,48,PowerGenerated,-0.08387012151030593
PP_55166_CT03,48,UT_Obl,21.736064912250303
PP_55166_CT03,48,UnitOn,23.460727371010126
PP_55166_CT04,24,DT_Obl,13.7360649122503
PP_55166_CT04,24,PowerGenerated,-373.7708330921731
PP_55166_CT04,24,UT_Obl,40.0
PP_55166_CT04,24,UnitOn,23.249639861471415
PP_55166_CT04,48,DT_Obl,13.7360649122503
PP_55166_CT04,48,PowerGenerated,-365.979864168728
PP_55166_CT04,48,UT_Obl,40.0
PP_55166_CT04,48,UnitOn,25.277159593977228
PP_55166_CT05,24,DT_Obl,20.275337541240173
PP_55166_CT05,24,PowerGenerated,-31.70544283095297
PP_55166_CT05,24,UT_Obl,33.460727371010115
PP_55166_CT05,24,UnitOn,21.832570524443803
PP_55166_CT05,48,DT_Obl,18.395718780465376
PP_55166_CT05,48,PowerGenerated,-352.3582493675191
PP_55166_CT05,48,UT_Obl,35.340346131784926
PP_55166_CT05,48,UnitOn,27.156778354752024
PP_56249_1,24,DT_Obl,20.275337541240173
PP_56249_1,24,PowerGenerated,-332.12873079274016
PP_56249_1,24,UT_Obl,33.460727371010115
PP_56249_1,24,UnitOn,14.830748471706746
PP_56249_1,48,DT_Obl,13.7360649122503
PP_56249_1,48,PowerGenerated,-202.3067817176096
PP_56249_1,48,UT_Obl,40.0
PP_56249_1,48,UnitOn,22.934991409455247
PP_56249_2,24,DT_Obl,13.7360649122503
PP_56249_2,24,PowerGenerated,-189.7426085691146
PP_56249_2,24,UT_Obl,40.0
PP_56249_2,24,UnitOn,21.37002110069662
PP_56249_2,48,DT_Obl,13.7360649122503
PP_56249_2,48,PowerGenerated,-298.0530672898298
PP_56249_2,48,UT_Obl,40.0
PP_56249_2,48,UnitOn,16.395718780465376
PP_56249_3,24,DT_Obl,16.830748471706748
PP_56249_3,24,PowerGenerated,-257.1262483927193
PP_56249_3,24,UT_Obl,36.90531644054356
PP_56249_3,24,UnitOn,18.275337541240173
PP_56249_3,48,DT_Obl,13.7360649122503
PP_56249_3,48,PowerGenerated,-120.72769933297536
PP_56249_3,48,UT_Obl,40.0
PP_56249_3,48,UnitOn,19.490402339921822
PP_56249_4,24,DT_Obl,13.7360649122503
PP_56249_4,24,PowerGenerated,-189.7426085691146
PP_56249_4,24,UT_Obl,40.0
PP_56249_4,24,UnitOn,21.37002110069662
PP_56249_4,48,DT_Obl,13.7360649122503
PP_56249_4,48,PowerGenerated,-298.0530672898298
PP_56249_4,48,UT_Obl,40.0
PP_56249_4,48,UnitOn,16.395718780465376
PP_56249_5,24,DT_Obl,22.366043811553677
PP_56249_5,24,PowerGenerated,-189.7426085691146
PP_56249_5,24,UT_Obl,31.370021100696615
PP_56249_5,24,UnitOn,21.37002110069662
PP_56249_5,48,DT_Obl,13.7360649122503
PP_56249_5,48,PowerGenerated,-0.37345759513016574
PP_56249_5,48,UT_Obl,40.0
PP_56249_5,48,UnitOn,25.025697679768754
PP_56249_6,24,DT_Obl,13.7360649122503
PP_56249_6,24,PowerGenerated,-189.7426085691146
PP_56249_6,24,UT_Obl,40.0
PP_56249_6,24,UnitOn,21.37002110069662
PP_56249_6,48,DT_Obl,13.7360649122503
PP_56249_6,48,PowerGenerated,-298.0530672898298
PP_56249_6,48,UT_Obl,40.0
PP_56249_6,48,UnitOn,16.395718780465376
PP_56292_ES1,24,DT_Obl,13.7360649122503
PP_56292_ES1,24,PowerGenerated,-189.7426085691146
PP_56292_ES1,24,UT_Obl,40.0
PP_56292_ES1,24,UnitOn,21.37002110069662
PP_56292_ES1,48,DT_Obl,13.7360649122503
PP_56292_ES1,48,PowerGenerated,-298.0530672898298
PP_56292_ES1,48,UT_Obl,40.0
PP_56292_ES1,48,UnitOn,16.395718780465376
PP_56292_ES2,24,DT_Obl,25.460727371010126
PP_56292_ES2,24,PowerGenerated,-70.25816846075142
PP_56292_ES2,24,UT_Obl,28.27533754124018
PP_56292_ES2,24,UnitOn,24.563148256021574
PP_56292_ES2,48,DT_Obl,32.0
PP_56292_ES2,48,PowerGenerated,11.381337497874968
PP_56292_ES2,48,UT_Obl,21.736064912250303
PP_56292_ES2,48,UnitOn,23.460727371010126
PP_56292_ES3,24,DT_Obl,25.460727371010126
PP_56292_ES3,24,PowerGenerated,-74.1223889903757
PP_56292_ES3,24,UT_Obl,28.27533754124018
PP_56292_ES3,24,UnitOn,24.563148256021574
PP_56292_ES3,48,DT_Obl,32.0
PP_56292_ES3,48,PowerGenerated,29.246888794046054
PP_56292_ES3,48,UT_Obl,21.736064912250303
PP_56292_ES3,48,UnitOn,23.460727371010126
PP_56292_ES4,24,DT_Obl,13.7360649122503
PP_56292_ES4,24,PowerGenerated,-189.7426085691146
PP_56292_ES4,24,UT_Obl,40.0
PP_56292_ES4,24,UnitOn,21.37002110069662
PP_56292_ES4,48,DT_Obl,13.7360649122503
PP_56292_ES4,48,PowerGenerated,-298.0530672898298
PP_56292_ES4,48,UT_Obl,40.0
PP_56292_ES4,48,UnitOn,16.395718780465376
PP_56292_ES5,24,DT_Obl,13.7360649122503
PP_56292_ES5,24,PowerGenerated,-189.7426085691146
PP_56292_ES5,24,UT_Obl,40.0
PP_56292_ES5,24,UnitOn,21.37002110069662
PP_56292_ES5,48,DT_Obl,13.7360649122503
PP_56292_ES5,48,PowerGenerated,-298.0530672898298
PP_56292_ES5,48,UT_Obl,40.0
PP_56292_ES5,48,UnitOn,16.395718780465376
PP_56292_ES6,24,DT_Obl,25.460727371010126
PP_56292_ES6,24,PowerGenerated,-68.04203303213055
PP_56292_ES6,24,UT_Obl,28.27533754124018
PP_56292_ES6,24,UnitOn,24.563148256021574
PP_56292_ES6,48,DT_Obl,27.340346131784926
PP_56292_ES6,48,PowerGenerated,-120.72769933297536
PP_56292_ES6,48,UT_Obl,26.39571878046537
PP_56292_ES6,48,UnitOn,19.490402339921822
PP_57029_1,24,DT_Obl,13.7360649122503
PP_57029_1,24,PowerGenerated,-346.7961080657859
PP_57029_1,24,UT_Obl,40.0
PP_57029_1,24,UnitOn,23.249639861471415
PP_57029_1,48,DT_Obl,13.7360649122503
PP_57029_1,48,PowerGenerated,-339.5192639951571
PP_57029_1,48,UT_Obl,40.0
PP_57029_1,48,UnitOn,25.277159593977228
PP_57029_2,24,DT_Obl,13.7360649122503
PP_57029_2,24,PowerGenerated,-346.7961080657861
PP_57029_2,24,UT_Obl,40.0
PP_57029_2,24,UnitOn,23.249639861471415
PP_57029_2,48,DT_Obl,13.7360649122503
PP_57029_2,48,PowerGenerated,-339.51926399515713
PP_57029_2,48,UT_Obl,40.0
PP_57029_2,48,UnitOn,25.277159593977228
PP_57029_3,24,DT_Obl,13.7360649122503
PP_57029_3,24,PowerGenerated,-346.796108065786
PP_57029_3,24,UT_Obl,40.0
PP_57029_3,24,UnitOn,23.249639861471415
PP_57029_3,48,DT_Obl,13.7360649122503
PP_57029_3,48,PowerGenerated,-339.51926399515713
PP_57029_3,48,UT_Obl,40.0
PP_57029_3,48,UnitOn,25.277159593977228
PP_57029_4,24,DT_Obl,13.7360649122503
PP_57029_4,24,PowerGenerated,-346.79610806578603
PP_57029_4,24,UT_Obl,40.0
PP_57029_4,24,UnitOn,23.249639861471415
PP_57029_4,48,DT_Obl,13.7360649122503
PP_57029_4,48,PowerGenerated,-339.51926399515713
PP_57029_4,48,UT_Obl,40.0
PP_57029_4,48,UnitOn,25.277159593977228
PP_57505_1,24,DT_Obl,32.0
PP_57505_1,24,PowerGenerated,34.99999999999996
PP_57505_1,24,UT_Obl,21.736064912250303
PP_57505_1,24,UnitOn,30.0
PP_57505_1,48,DT_Obl,32.0
PP_57505_1,48,PowerGenerated,34.99999999999998
PP_57505_1,48,UT_Obl,21.736064912250303
PP_57505_1,48,UnitOn,30.0
PP_57505_2,24,DT_Obl,32.0
PP_57505_2,24,PowerGenerated,35.0
PP_57505_2,24,UT_Obl,21.736064912250303
PP_57505_2,24,UnitOn,30.0
PP_57505_2,48,DT_Obl,32.0
PP_57505_2,48,PowerGenerated,35.0
PP_57505_2,48,UT_Obl,21.736064912250303
PP_57505_2,48,UnitOn,30.0
PP_58400_GT01,24,DT_Obl,32.0
PP_58400_GT01,24,PowerGenerated,35.0
PP_58400_GT01,24,UT_Obl,21.736064912250303
PP_58400_GT01,24,UnitOn,30.0
PP_58400_GT01,48,DT_Obl,32.0
PP_58400_GT01,48,PowerGenerated,35.0
PP_58400_GT01,48,UT_Obl,21.736064912250303
PP_58400_GT01,48,UnitOn,30.0
PP_59325_KMEC1,24,DT_Obl,0.06166293257968336
PP_59325_KMEC1,24,PowerGenerated,-12.677479768561469
PP_59325_KMEC1,24,UT_Obl,21.43189864326132
PP_59325_KMEC1,24,UnitOn,29.53745057625283
PP_59325_KMEC1,48,DT_Obl,-0.020210649724047958
PP_59325_KMEC1,48,PowerGenerated,-536.6066498942797
PP_59325_KMEC1,48,UT_Obl,72.69636314494937
PP_59325_KMEC1,48,UnitOn,27.156778354752024
PP_59325_KMEC2,24,DT_Obl,13.431898643261317
PP_59325_KMEC2,24,PowerGenerated,-47.76233109774793
PP_59325_KMEC2,24,UT_Obl,0.5795627345398455
PP_59325_KMEC2,24,UnitOn,21.832570524443803
PP_59325_KMEC2,48,DT_Obl,1.2687668484914636
PP_59325_KMEC2,48,PowerGenerated,-472.43066750672034
PP_59325_KMEC2,48,UT_Obl,-1.873068285872482
PP_59325_KMEC2,48,UnitOn,27.156778354752024
PP_61675_CTG1,24,DT_Obl,32.0
PP_61675_CTG1,24,PowerGenerated,34.99999999999919
PP_61675_CTG1,24,UT_Obl,21.736064912250303
PP_61675_CTG1,24,UnitOn,30.0
PP_61675_CTG1,48,DT_Obl,32.0
PP_61675_CTG1,48,PowerGenerated,34.99999999999954
PP_61675_CTG1,48,UT_Obl,21.736064912250303
PP_61675_CTG1,48,UnitOn,30.0
PP_61675_STG,24,DT_Obl,32.0
PP_61675_STG,24,PowerGenerated,35.0
PP_61675_STG,24,UT_Obl,21.736064912250303
PP_61675_STG,24,UnitOn,30.0
PP_61675_STG,48,DT_Obl,32.0
PP_61675_STG,48,PowerGenerated,35.0
PP_61675_STG,48,UT_Obl,21.736064912250303
PP_61675_STG,48,UnitOn,30.0
PP_61676_CTG1,24,DT_Obl,32.0
PP_61676_CTG1,24,PowerGenerated,35.0
PP_61676_CTG1,24,UT_Obl,21.736064912250303
PP_61676_CTG1,24,UnitOn,30.0
PP_61676_CTG1,48,DT_Obl,32.0
PP_61676_CTG1,48,PowerGenerated,35.0
PP_61676_CTG1,48,UT_Obl,21.736064912250303
PP_61676_CTG1,48,UnitOn,30.0
PP_61676_CTG2,24,DT_Obl,32.0
PP_61676_CTG2,24,PowerGenerated,35.0
PP_61676_CTG2,24,UT_Obl,21.736064912250303
PP_61676_CTG2,24,UnitOn,30.0
PP_61676_CTG2,48,DT_Obl,32.0
PP_61676_CTG2,48,PowerGenerated,35.0
PP_61676_CTG2,48,UT_Obl,21.736064912250303
PP_61676_CTG2,48,UnitOn,30.0
PP_6249_1,24,DT_Obl,-5.791363319926722
PP_6249_1,24,PowerGenerated,-835.6431240307957
PP_6249_1,24,UT_Obl,-5.571689971042712
PP_6249_1,24,UnitOn,23.460727371010126
PP_6249_1,48,DT_Obl,2.1816197438795264
PP_6249_1,48,PowerGenerated,-565.2063084423722
PP_6249_1,48,UT_Obl,-11.817933867135096
PP_6249_1,48,UnitOn,27.657831815478023
PP_6249_2,24,DT_Obl,3.768065913865536
PP_6249_2,24,PowerGenerated,-1444.278796226074
PP_6249_2,24,UT_Obl,-10.27511102499577
PP_6249_2,24,UnitOn,18.275337541240173
PP_6249_2,48,DT_Obl,-7.098427249202263
PP_6249_2,48,PowerGenerated,219.63088315631853
PP_6249_2,48,UT_Obl,-7.218062498960258
PP_6249_2,48,UnitOn,32.34216818452198
PP_6249_3,24,DT_Obl,-6.564188076950627
PP_6249_3,24,PowerGenerated,35.0
PP_6249_3,24,UT_Obl,40.0
PP_6249_3,24,UnitOn,30.0
PP_6249_3,48,DT_Obl,-6.564188076950627
PP_6249_3,48,PowerGenerated,35.0
PP_6249_3,48,UT_Obl,40.0
PP_6249_3,48,UnitOn,30.0
PP_6249_4,24,DT_Obl,-6.564188076950627
PP_6249_4,24,PowerGenerated,35.0
PP_6249_4,24,UT_Obl,40.0
PP_6249_4,24,UnitOn,30.0
PP_6249_4,48,DT_Obl,-6.564188076950627
PP_6249_4,48,PowerGenerated,35.0
PP_6249_4,48,UT_Obl,40.0
PP_6249_4,48,UnitOn,30.0
PP_63063_GT01,24,DT_Obl,32.0
PP_63063_GT01,24,PowerGenerated,35.0
PP_63063_GT01,24,UT_Obl,21.736064912250303
PP_63063_GT01,24,UnitOn,30.0
PP_63063_GT01,48,DT_Obl,32.0
PP_63063_GT01,48,PowerGenerated,35.0
PP_63063_GT01,48,UT_Obl,21.736064912250303
PP_63063_GT01,48,UnitOn,30.0
PP_7277_1,24,DT_Obl,13.7360649122503
PP_7277_1,24,PowerGenerated,-350.80771773917905
PP_7277_1,24,UT_Obl,40.0
PP_7277_1,24,UnitOn,21.37002110069662
PP_7277_1,48,DT_Obl,13.7360649122503
PP_7277_1,48,PowerGenerated,-188.0832137710284
PP_7277_1,48,UT_Obl,40.0
PP_7277_1,48,UnitOn,25.277159593977228
PP_7277_10,24,DT_Obl,25.460727371010126
PP_7277_10,24,PowerGenerated,-11.45260253913801
PP_7277_10,24,UT_Obl,28.27533754124018
PP_7277_10,24,UnitOn,29.53745057625283
PP_7277_10,48,DT_Obl,27.340346131784926
PP_7277_10,48,PowerGenerated,-6.453129341385893
PP_7277_10,48,UT_Obl,26.39571878046537
PP_7277_10,48,UnitOn,28.120381239225203
PP_7277_11,24,DT_Obl,13.7360649122503
PP_7277_11,24,PowerGenerated,-350.80771773917905
PP_7277_11,24,UT_Obl,40.0
PP_7277_11,24,UnitOn,21.37002110069662
PP_7277_11,48,DT_Obl,13.7360649122503
PP_7277_11,48,PowerGenerated,-188.0832137710284
PP_7277_11,48,UT_Obl,40.0
PP_7277_11,48,UnitOn,25.277159593977228
PP_7277_12,24,DT_Obl,13.7360649122503
PP_7277_12,24,PowerGenerated,-350.80771773917905
PP_7277_12,24,UT_Obl,40.0
PP_7277_12,24,UnitOn,21.37002110069662
PP_7277_12,48,DT_Obl,13.7360649122503
PP_7277_12,48,PowerGenerated,-188.0832137710284
PP_7277_12,48,UT_Obl,40.0
PP_7277_12,48,UnitOn,25.277159593977228
PP_7277_13,24,DT_Obl,13.7360649122503
PP_7277_13,24,PowerGenerated,-350.80771773917905
PP_7277_13,24,UT_Obl,40.0
PP_7277_13,24,UnitOn,21.37002110069662
PP_7277_13,48,DT_Obl,13.7360649122503
PP_7277_13,48,PowerGenerated,-188.0832137710284
PP_7277_13,48,UT_Obl,40.0
PP_7277_13,48,UnitOn,25.277159593977228
PP_7277_14,24,DT_Obl,13.7360649122503
PP_7277_14,24,PowerGenerated,-350.80771773917905
PP_7277_14,24,UT_Obl,40.0
PP_7277_14,24,UnitOn,21.37002110069662
PP_7277_14,48,DT_Obl,13.7360649122503
PP_7277_14,48,PowerGenerated,-188.0832137710284
PP_7277_14,48,UT_Obl,40.0
PP_7277_14,48,UnitOn,25.277159593977228
PP_7277_15,24,DT_Obl,13.7360649122503
PP_7277_15,24,PowerGenerated,-350.80771773917905
PP_7277_15,24,UT_Obl,40.0
PP_7277_15,24,UnitOn,21.37002110069662
PP_7277_15,48,DT_Obl,13.7360649122503
PP_7277_15,48,PowerGenerated,-188.0832137710284
PP_7277_15,48,UT_Obl,40.0
PP_7277_15,48,UnitOn,25.277159593977228
PP_7277_16,24,DT_Obl,20.275337541240173
PP_7277_16,24,PowerGenerated,-24.475183998135932
PP_7277_16,24,UT_Obl,33.460727371010115
PP_7277_16,24,UnitOn,21.832570524443803
PP_7277_16,48,DT_Obl,18.395718780465376
PP_7277_16,48,PowerGenerated,-201.68906804863536
PP_7277_16,48,UT_Obl,35.340346131784926
PP_7277_16,48,UnitOn,27.156778354752024
PP_7277_2,24,DT_Obl,13.7360649122503
PP_7277_2,24,PowerGenerated,-350.80771773917905
PP_7277_2,24,UT_Obl,40.0
PP_7277_2,24,UnitOn,21.37002110069662
PP_7277_2,48,DT_Obl,13.7360649122503
PP_7277_2,48,PowerGenerated,-188.0832137710284
PP_7277_2,48,UT_Obl,40.0
PP_7277_2,48,UnitOn,25.277159593977228
PP_7277_3,24,DT_Obl,13.7360649122503
PP_7277_3,24,PowerGenerated,-350.80771773917905
PP_7277_3,24,UT_Obl,40.0
PP_7277_3,24,UnitOn,21.37002110069662
PP_7277_3,48,DT_Obl,13.7360649122503
PP_7277_3,48,PowerGenerated,-188.0832137710284
PP_7277_3,48,UT_Obl,40.0
PP_7277_3,48,UnitOn,25.277159593977228
PP_7277_4,24,DT_Obl,13.7360649122503
PP_7277_4,24,PowerGenerated,-350.80771773917905
PP_7277_4,24,UT_Obl,40.0
PP_7277_4,24,UnitOn,21.37002110069662
PP_7277_4,48,DT_Obl,13.7360649122503
PP_7277_4,48,PowerGenerated,-188.0832137710284
PP_7277_4,48,UT_Obl,40.0
PP_7277_4,48,UnitOn,25.277159593977228
PP_7277_5,24,DT_Obl,13.7360649122503
PP_7277_5,24,PowerGenerated,-350.80771773917905
PP_7277_5,24,UT_Obl,40.0
PP_7277_5,24,UnitOn,21.37002110069662
PP_7277_5,48,DT_Obl,13.7360649122503
PP_7277_5,48,PowerGenerated,-188.0832137710284
PP_7277_5,48,UT_Obl,40.0
PP_7277_5,48,UnitOn,25.277159593977228
PP_7277_6,24,DT_Obl,13.7360649122503
PP_7277_6,24,PowerGenerated,-350.80771773917905
PP_7277_6,24,UT_Obl,40.0
PP_7277_6,24,UnitOn,21.37002110069662
PP_7277_6,48,DT_Obl,13.7360649122503
PP_7277_6,48,PowerGenerated,-188.0832137710284
PP_7277_6,48,UT_Obl,40.0
PP_7277_6,48,UnitOn,25.277159593977228
PP_7277_7,24,DT_Obl,13.7360649122503
PP_7277_7,24,PowerGenerated,-350.80771773917905
PP_7277_7,24,UT_Obl,40.0
PP_7277_7,24,UnitOn,21.37002110069662
PP_7277_7,48,DT_Obl,13.7360649122503
PP_7277_7,48,PowerGenerated,-188.0832137710284
PP_7277_7,48,UT_Obl,40.0
PP_7277_7,48,UnitOn,25.277159593977228
PP_7277_8,24,DT_Obl,13.7360649122503
PP_7277_8,24,PowerGenerated,-350.80771773917905
PP_7277_8,24,UT_Obl,40.0
PP_7277_8,24,UnitOn,21.37002110069662
PP_7277_8,48,DT_Obl,13.7360649122503
PP_7277_8,48,PowerGenerated,-188.0832137710284
PP_7277_8,48,UT_Obl,40.0
PP_7277_8,48,UnitOn,25.277159593977228
PP_7277_9,24,DT_Obl,13.7360649122503
PP_7277_9,24,PowerGenerated,-350.80771773917905
PP_7277_9,24,UT_Obl,40.0
PP_7277_9,24,UnitOn,21.37002110069662
PP_7277_9,48,DT_Obl,13.7360649122503
PP_7277_9,48,PowerGenerated,-188.0832137710284
PP_7277_9,48,UT_Obl,40.0
PP_7277_9,48,UnitOn,25.277159593977228
PP_7805_001,24,DT_Obl,13.7360649122503
PP_7805_001,24,PowerGenerated,-378.7507823278138
PP_7805_001,24,UT_Obl,40.0
PP_7805_001,24,UnitOn,23.249639861471415
PP_7805_001,48,DT_Obl,13.7360649122503
PP_7805_001,48,PowerGenerated,-370.86489804692576
PP_7805_001,48,UT_Obl,40.0
PP_7805_001,48,UnitOn,25.277159593977228
PP_7805_002,24,DT_Obl,13.7360649122503
PP_7805_002,24,PowerGenerated,-378.7507823278138
PP_7805_002,24,UT_Obl,40.0
PP_7805_002,24,UnitOn,23.249639861471415
PP_7805_002,48,DT_Obl,13.7360649122503
PP_7805_002,48,PowerGenerated,-370.86489804692576
PP_7805_002,48,UT_Obl,40.0
PP_7805_002,48,UnitOn,25.277159593977228
PP_7805_003,24,DT_Obl,13.7360649122503
PP_7805_003,24,PowerGenerated,-378.7507823278138
PP_7805_003,24,UT_Obl,40.0
PP_7805_003,24,UnitOn,23.249639861471415
PP_7805_003,48,DT_Obl,13.7360649122503
PP_7805_003,48,PowerGenerated,-370.86489804692576
PP_7805_003,48,UT_Obl,40.0
PP_7805_003,48,UnitOn,25.277159593977228
PP_7805_004,24,DT_Obl,13.7360649122503
PP_7805_004,24,PowerGenerated,-378.7507823278138
PP_7805_004,24,UT_Obl,40.0
PP_7805_004,24,UnitOn,23.249639861471415
PP_7805_004,48,DT_Obl,13.7360649122503
PP_7805_004,48,PowerGenerated,-370.86489804692576
PP_7805_004,48,UT_Obl,40.0
PP_7805_004,48,UnitOn,25.277159593977228
PP_7805_10,24,DT_Obl,1.3805724733717488
PP_7805_10,24,PowerGenerated,-361.73595577270817
PP_7805_10,24,UT_Obl,64.87151160115623
PP_7805_10,24,UnitOn,23.249639861471415
PP_7805_10,48,DT_Obl,0.6485490246294856
PP_7805_10,48,PowerGenerated,-354.1743656297503
PP_7805_10,48,UT_Obl,40.0
PP_7805_10,48,UnitOn,25.277159593977228
PP_7805_6,24,DT_Obl,13.7360649122503
PP_7805_6,24,PowerGenerated,-378.7507823278138
PP_7805_6,24,UT_Obl,40.0
PP_7805_6,24,UnitOn,23.249639861471415
PP_7805_6,48,DT_Obl,13.7360649122503
PP_7805_6,48,PowerGenerated,-370.86489804692576
PP_7805_6,48,UT_Obl,40.0
PP_7805_6,48,UnitOn,25.277159593977228
PP_7805_7,24,DT_Obl,1.3805724733717488
PP_7805_7,24,PowerGenerated,-378.7507823278138
PP_7805_7,24,UT_Obl,64.87151160115623
PP_7805_7,24,UnitOn,23.249639861471415
PP_7805_7,48,DT_Obl,0.6485490246294856
PP_7805_7,48,PowerGenerated,-370.86489804692576
PP_7805_7,48,UT_Obl,40.0
PP_7805_7,48,UnitOn,25.277159593977228
PP_7805_8,24,DT_Obl,1.3805724733717488
PP_7805_8,24,PowerGenerated,-378.7507823278138
PP_7805_8,24,UT_Obl,64.87151160115623
PP_7805_8,24,UnitOn,23.249639861471415
PP_7805_8,48,DT_Obl,0.6485490246294856
PP_7805_8,48,PowerGenerated,-370.86489804692576
PP_7805_8,48,UT_Obl,40.0
PP_7805_8,48,UnitOn,25.277159593977228
PP_7805_9,24,DT_Obl,1.3805724733717488
PP_7805_9,24,PowerGenerated,-361.73595577270817
PP_7805_9,24,UT_Obl,64.87151160115623
PP_7805_9,24,UnitOn,23.249639861471415
PP_7805_9,48,DT_Obl,0.6485490246294856
PP_7805_9,48,PowerGenerated,-354.1743656297503
PP_7805_9,48,UT_Obl,40.0
PP_7805_9,48,UnitOn,25.277159593977228
PP_7805_ST4,24,DT_Obl,1.3805724733717488
PP_7805_ST4,24,PowerGenerated,-370.6583648198977
PP_7805_ST4,24,UT_Obl,40.0
PP_7805_ST4,24,UnitOn,23.249639861471415
PP_7805_ST4,48,DT_Obl,0.6485490246294856
PP_7805_ST4,48,PowerGenerated,-362.9267179948544
PP_7805_ST4,48,UT_Obl,40.0
PP_7805_ST4,48,UnitOn,25.277159593977228
PP_7805_ST5,24,DT_Obl,4.801919743957933
PP_7805_ST5,24,PowerGenerated,-25.099584628299212
PP_7805_ST5,24,UT_Obl,0.764364226060744
PP_7805_ST5,24,UnitOn,21.832570524443803
PP_7805_ST5,48,DT_Obl,3.1690817630440264
PP_7805_ST5,48,PowerGenerated,-506.1755024875127
PP_7805_ST5,48,UT_Obl,12.042076790709546
PP_7805_ST5,48,UnitOn,27.156778354752024
PP_7826_001,24,DT_Obl,13.7360649122503
PP_7826_001,24,PowerGenerated,-378.7507823278138
PP_7826_001,24,UT_Obl,40.0
PP_7826_001,24,UnitOn,23.249639861471415
PP_7826_001,48,DT_Obl,13.7360649122503
PP_7826_001,48,PowerGenerated,-370.86489804692576
PP_7826_001,48,UT_Obl,40.0
PP_7826_001,48,UnitOn,25.277159593977228
PP_7826_002,24,DT_Obl,13.7360649122503
PP_7826_002,24,PowerGenerated,-378.7507823278138
PP_7826_002,24,UT_Obl,40.0
PP_7826_002,24,UnitOn,23.249639861471415
PP_7826_002,48,DT_Obl,13.7360649122503
PP_7826_002,48,PowerGenerated,-370.86489804692576
PP_7826_002,48,UT_Obl,40.0
PP_7826_002,48,UnitOn,25.277159593977228
PP_7826_003,24,DT_Obl,13.7360649122503
PP_7826_003,24,PowerGenerated,-378.7507823278138
PP_7826_003,24,UT_Obl,40.0
PP_7826_003,24,UnitOn,23.249639861471415
PP_7826_003,48,DT_Obl,13.7360649122503
PP_7826_003,48,PowerGenerated,-370.86489804692576
PP_7826_003,48,UT_Obl,40.0
PP_7826_003,48,UnitOn,25.277159593977228
PP_7826_4,24,DT_Obl,1.3805724733717488
PP_7826_4,24,PowerGenerated,-378.7507823278138
PP_7826_4,24,UT_Obl,64.87151160115623
PP_7826_4,24,UnitOn,23.249639861471415
PP_7826_4,48,DT_Obl,0.6485490246294856
PP_7826_4,48,PowerGenerated,-370.86489804692576
PP_7826_4,48,UT_Obl,40.0
PP_7826_4,48,UnitOn,25.277159593977228
PP_7826_5,24,DT_Obl,1.3805724733717488
PP_7826_5,24,PowerGenerated,-378.7507823278138
PP_7826_5,24,UT_Obl,64.87151160115623
PP_7826_5,24,UnitOn,23.249639861471415
PP_7826_5,48,DT_Obl,0.6485490246294856
PP_7826_5,48,PowerGenerated,-370.86489804692576
PP_7826_5,48,UT_Obl,40.0
PP_7826_5,48,UnitOn,25.277159593977228
PP_7826_STG,24,DT_Obl,1.3805724733717488
PP_7826_STG,24,PowerGenerated,-369.62087539580585
PP_7826_STG,24,UT_Obl,64.87151160115623
PP_7826_STG,24,UnitOn,23.249639861471415
PP_7826_STG,48,DT_Obl,0.6485490246294856
PP_7826_STG,48,PowerGenerated,-361.90900260356324
PP_7826_STG,48,UT_Obl,40.0
PP_7826_STG,48,UnitOn,25.277159593977228
PP_7834_CT1A,24,DT_Obl,1.3805724733717488
PP_7834_CT1A,24,PowerGenerated,-292.5866715599641
PP_7834_CT1A,24,UT_Obl,40.0
PP_7834_CT1A,24,UnitOn,23.249639861471415
PP_7834_CT1A,48,DT_Obl,0.6485490246294856
PP_7834_CT1A,48,PowerGenerated,-300.84607912609204
PP_7834_CT1A,48,UT_Obl,40.0
PP_7834_CT1A,48,UnitOn,25.277159593977228
PP_7834_CT1B,24,DT_Obl,4.801919743957933
PP_7834_CT1B,24,PowerGenerated,-15.740430394634686
PP_7834_CT1B,24,UT_Obl,0.764364226060744
PP_7834_CT1B,24,UnitOn,21.832570524443803
PP_7834_CT1B,48,DT_Obl,-0.020210649724047958
PP_7834_CT1B,48,PowerGenerated,-316.1592315127091
PP_7834_CT1B,48,UT_Obl,40.0
PP_7834_CT1B,48,UnitOn,27.156778354752024
PP_7834_CT2A,24,DT_Obl,13.7360649122503
PP_7834_CT2A,24,PowerGenerated,-545.8236626547862
PP_7834_CT2A,24,UT_Obl,40.0
PP_7834_CT2A,24,UnitOn,21.37002110069662
PP_7834_CT2A,48,DT_Obl,13.7360649122503
PP_7834_CT2A,48,PowerGenerated,-300.84607912609204
PP_7834_CT2A,48,UT_Obl,40.0
PP_7834_CT2A,48,UnitOn,25.277159593977228
PP_7834_CT2B,24,DT_Obl,13.7360649122503
PP_7834_CT2B,24,PowerGenerated,-545.8236626547862
PP_7834_CT2B,24,UT_Obl,40.0
PP_7834_CT2B,24,UnitOn,21.37002110069662
PP_7834_CT2B,48,DT_Obl,13.7360649122503
PP_7834_CT2B,48,PowerGenerated,-300.84607912609204
PP_7834_CT2B,48,UT_Obl,40.0
PP_7834_CT2B,48,UnitOn,25.277159593977228
PP_7834_CT3A,24,DT_Obl,13.7360649122503
PP_7834_CT3A,24,PowerGenerated,-260.69204644243655
PP_7834_CT3A,24,UT_Obl,40.0
PP_7834_CT3A,24,UnitOn,21.37002110069662
PP_7834_CT3A,48,DT_Obl,22.617505725762154
PP_7834_CT3A,48,PowerGenerated,-419.471776504218
PP_7834_CT3A,48,UT_Obl,31.11855918648814
PP_7834_CT3A,48,UnitOn,16.395718780465376
PP_7834_CT3B,24,DT_Obl,13.7360649122503
PP_7834_CT3B,24,PowerGenerated,-260.69204644243655
PP_7834_CT3B,24,UT_Obl,40.0
PP_7834_CT3B,24,UnitOn,21.37002110069662
PP_7834_CT3B,48,DT_Obl,22.617505725762154
PP_7834_CT3B,48,PowerGenerated,-419.471776504218
PP_7834_CT3B,48,UT_Obl,31.11855918648814
PP_7834_CT3B,48,UnitOn,16.395718780465376
PP_7834_CT4A,24,DT_Obl,13.7360649122503
PP_7834_CT4A,24,PowerGenerated,-260.69204644243655
PP_7834_CT4A,24,UT_Obl,40.0
PP_7834_CT4A,24,UnitOn,21.37002110069662
PP_7834_CT4A,48,DT_Obl,13.7360649122503
PP_7834_CT4A,48,PowerGenerated,-135.97618573691955
PP_7834_CT4A,48,UT_Obl,40.0
PP_7834_CT4A,48,UnitOn,25.277159593977228
PP_7834_ST1S,24,DT_Obl,2.6589797465639013
PP_7834_ST1S,24,PowerGenerated,-245.60435042324784
PP_7834_ST1S,24,UT_Obl,-0.23401916939852496
PP_7834_ST1S,24,UnitOn,24.563148256021574
PP_7834_ST1S,48,DT_Obl,-0.006746469032984592
PP_7834_ST1S,48,PowerGenerated,52.027459035872575
PP_7834_ST1S,48,UT_Obl,0.7184617118800909
PP_7834_ST1S,48,UnitOn,32.34216818452198
PP_7981_1,24,DT_Obl,13.7360649122503
PP_7981_1,24,PowerGenerated,-316.6623266618978
PP_7981_1,24,UT_Obl,40.0
PP_7981_1,24,UnitOn,21.37002110069662
PP_7981_1,48,DT_Obl,13.7360649122503
PP_7981_1,48,PowerGenerated,-168.33953517997932
PP_7981_1,48,UT_Obl,40.0
PP_7981_1,48,UnitOn,25.277159593977228
PP_7981_2,24,DT_Obl,13.7360649122503
PP_7981_2,24,PowerGenerated,-316.6623266618978
PP_7981_2,24,UT_Obl,40.0
PP_7981_2,24,UnitOn,21.37002110069662
PP_7981_2,48,DT_Obl,13.7360649122503
PP_7981_2,48,PowerGenerated,-168.33953517997932
PP_7981_2,48,UT_Obl,40.0
PP_7981_2,48,UnitOn,25.277159593977228
PP_7981_3,24,DT_Obl,13.7360649122503
PP_7981_3,24,PowerGenerated,-316.6623266618978
PP_7981_3,24,UT_Obl,40.0
PP_7981_3,24,UnitOn,21.37002110069662
PP_7981_3,48,DT_Obl,13.7360649122503
PP_7981_3,48,PowerGenerated,-168.33953517997932
PP_7981_3,48,UT_Obl,40.0
PP_7981_3,48,UnitOn,25.277159593977228
PP_7981_4,24,DT_Obl,13.7360649122503
PP_7981_4,24,PowerGenerated,-316.6623266618978
PP_7981_4,24,UT_Obl,40.0
PP_7981_4,24,UnitOn,21.37002110069662
PP_7981_4,48,DT_Obl,13.7360649122503
PP_7981_4,48,PowerGenerated,-168.33953517997932
PP_7981_4,48,UT_Obl,40.0
PP_7981_4,48,UnitOn,25.277159593977228
PP_7981_5,24,DT_Obl,16.830748471706748
PP_7981_5,24,PowerGenerated,-434.1427039459835
PP_7981_5,24,UT_Obl,36.90531644054356
PP_7981_5,24,UnitOn,18.275337541240173
PP_7981_5,48,DT_Obl,22.617505725762154
PP_7981_5,48,PowerGenerated,-196.3379037528173
PP_7981_5,48,UT_Obl,31.11855918648814
PP_7981_5,48,UnitOn,19.490402339921822
PP_7981_6,24,DT_Obl,13.7360649122503
PP_7981_6,24,PowerGenerated,-316.6623266618978
PP_7981_6,24,UT_Obl,40.0
PP_7981_6,24,UnitOn,21.37002110069662
PP_7981_6,48,DT_Obl,13.7360649122503
PP_7981_6,48,PowerGenerated,-168.33953517997932
PP_7981_6,48,UT_Obl,40.0
PP_7981_6,48,UnitOn,25.277159593977228
PP_7981_7,24,DT_Obl,13.7360649122503
PP_7981_7,24,PowerGenerated,-316.6623266618978
PP_7981_7,24,UT_Obl,40.0
PP_7981_7,24,UnitOn,21.37002110069662
PP_7981_7,48,DT_Obl,13.7360649122503
PP_7981_7,48,PowerGenerated,-168.33953517997932
PP_7981_7,48,UT_Obl,40.0
PP_7981_7,48,UnitOn,25.277159593977228
PP_7981_8,24,DT_Obl,13.7360649122503
PP_7981_8,24,PowerGenerated,-316.6623266618978
PP_7981_8,24,UT_Obl,40.0
PP_7981_8,24,UnitOn,21.37002110069662
PP_7981_8,48,DT_Obl,13.7360649122503
PP_7981_8,48,PowerGenerated,-168.33953517997932
PP_7981_8,48,UT_Obl,40.0
PP_7981_8,48,UnitOn,25.277159593977228
PP_ng1,24,DT_Obl,4.801919743957933
PP_ng1,24,PowerGenerated,-89.48664320337866
PP_ng1,24,UT_Obl,0.764364226060744
PP_ng1,24,UnitOn,21.832570524443803
PP_ng1,48,DT_Obl,3.1690817630440264
PP_ng1,48,PowerGenerated,-612.7452433274161
PP_ng1,48,UT_Obl,12.042076790709546
PP_ng1,48,UnitOn,27.156778354752024
PP_ng10_1,24,DT_Obl,1.3805724733717488
PP_ng10_1,24,PowerGenerated,-455.04785556536586
PP_ng10_1,24,UT_Obl,64.87151160115623
PP_ng10_1,24,UnitOn,23.249639861471415
PP_ng10_1,48,DT_Obl,0.6485490246294856
PP_ng10_1,48,PowerGenerated,-426.364310717167
PP_ng10_1,48,UT_Obl,40.0
PP_ng10_1,48,UnitOn,25.277159593977228
PP_ng10_2,24,DT_Obl,1.3805724733717488
PP_ng10_2,24,PowerGenerated,-455.04785556536586
PP_ng10_2,24,UT_Obl,64.87151160115623
PP_ng10_2,24,UnitOn,23.249639861471415
PP_ng10_2,48,DT_Obl,0.6485490246294856
PP_ng10_2,48,PowerGenerated,-426.364310717167
PP_ng10_2,48,UT_Obl,40.0
PP_ng10_2,48,UnitOn,25.277159593977228
PP_ng10_3,24,DT_Obl,1.3805724733717488
PP_ng10_3,24,PowerGenerated,-455.04785556536586
PP_ng10_3,24,UT_Obl,64.87151160115623
PP_ng10_3,24,UnitOn,23.249639861471415
PP_ng10_3,48,DT_Obl,0.6485490246294856
PP_ng10_3,48,PowerGenerated,-426.364310717167
PP_ng10_3,48,UT_Obl,40.0
PP_ng10_3,48,UnitOn,25.277159593977228
PP_ng11_1,24,DT_Obl,25.460727371010126
PP_ng11_1,24,PowerGenerated,-354.51040507299257
PP_ng11_1,24,UT_Obl,28.27533754124018
PP_ng11_1,24,UnitOn,18.73788696498735
PP_ng11_1,48,DT_Obl,18.395718780465376
PP_ng11_1,48,PowerGenerated,85.30007519613949
PP_ng11_1,48,UT_Obl,35.340346131784926
PP_ng11_1,48,UnitOn,32.34216818452198
PP_ng11_2,24,DT_Obl,20.275337541240173
PP_ng11_2,24,PowerGenerated,-48.37646951960963
PP_ng11_2,24,UT_Obl,33.460727371010115
PP_ng11_2,24,UnitOn,28.120381239225203
PP_ng11_2,48,DT_Obl,18.458905318273075
PP_ng11_2,48,PowerGenerated,-1531.298041296382
PP_ng11_2,48,UT_Obl,35.27715959397722
PP_ng11_2,48,UnitOn,27.156778354752024
PP_ng2,24,DT_Obl,2.6589797465639013
PP_ng2,24,PowerGenerated,-118.19244480645413
PP_ng2,24,UT_Obl,-0.23401916939852496
PP_ng2,24,UnitOn,24.563148256021574
PP_ng2,48,DT_Obl,4.042076790709547
PP_ng2,48,PowerGenerated,14.967116853996384
PP_ng2,48,UT_Obl,1.6554225615846527
PP_ng2,48,UnitOn,28.120381239225203
PP_ng3,24,DT_Obl,0.985604452204651
PP_ng3,24,PowerGenerated,-68.30662456140104
PP_ng3,24,UT_Obl,40.0
PP_ng3,24,UnitOn,21.832570524443803
PP_ng3,48,DT_Obl,3.1690817630440264
PP_ng3,48,PowerGenerated,-502.53858739361516
PP_ng3,48,UT_Obl,44.738439935658924
PP_ng3,48,UnitOn,27.156778354752024
PP_ng4,24,DT_Obl,4.801919743957933
PP_ng4,24,PowerGenerated,-68.30662456140104
PP_ng4,24,UT_Obl,35.77347448974601
PP_ng4,24,UnitOn,21.832570524443803
PP_ng4,48,DT_Obl,-0.020210649724047958
PP_ng4,48,PowerGenerated,-502.53858739361516
PP_ng4,48,UT_Obl,40.0
PP_ng4,48,UnitOn,27.156778354752024
PP_ng7,24,DT_Obl,1.5652451245525312
PP_ng7,24,PowerGenerated,-517.102546515451
PP_ng7,24,UT_Obl,40.0
PP_ng7,24,UnitOn,21.37002110069662
PP_ng7,48,DT_Obl,0.6485490246294856
PP_ng7,48,PowerGenerated,-284.23884552711144
PP_ng7,48,UT_Obl,40.0
PP_ng7,48,UnitOn,25.277159593977228
PP_ng8,24,DT_Obl,1.6118295032296963
PP_ng8,24,PowerGenerated,-204.58136892710638
PP_ng8,24,UT_Obl,40.0
PP_ng8,24,UnitOn,24.563148256021574
PP_ng8,48,DT_Obl,0.6485490246294856
PP_ng8,48,PowerGenerated,-284.23884552711144
PP_ng8,48,UT_Obl,40.0
PP_ng8,48,UnitOn,25.277159593977228
PP_ng9_1,24,DT_Obl,1.3805724733717488
PP_ng9_1,24,PowerGenerated,-455.04785556536586
PP_ng9_1,24,UT_Obl,64.87151160115623
PP_ng9_1,24,UnitOn,23.249639861471415
PP_ng9_1,48,DT_Obl,0.6485490246294856
PP_ng9_1,48,PowerGenerated,-426.364310717167
PP_ng9_1,48,UT_Obl,40.0
PP_ng9_1,48,UnitOn,25.277159593977228
PP_ng9_2,24,DT_Obl,1.3805724733717488
PP_ng9_2,24,PowerGenerated,-455.04785556536586
PP_ng9_2,24,UT_Obl,64.87151160115623
PP_ng9_2,24,UnitOn,23.249639861471415
PP_ng9_2,48,DT_Obl,0.6485490246294856
PP_ng9_2,48,PowerGenerated,-426.364310717167
PP_ng9_2,48,UT_Obl,40.0
PP_ng9_2,48,UnitOn,25.277159593977228
PP_ng9_3,24,DT_Obl,1.3805724733717488
PP_ng9_3,24,PowerGenerated,-455.04785556536586
PP_ng9_3,24,UT_Obl,64.87151160115623
PP_ng9_3,24,UnitOn,23.249639861471415
PP_ng9_3,48,DT_Obl,0.6485490246294856
PP_ng9_3,48,PowerGenerated,-426.364310717167
PP_ng9_3,48,UT_Obl,40.0
PP_ng9_3,48,UnitOn,25.277159593977228
Sto_CPLE_4h,24,SoC,-1085.357084853818
Sto_CPLE_4h,48,SoC,-908.6259220375964
Sto_CPLE_6h,24,SoC,-1068.7010461962338
Sto_CPLE_6h,48,SoC,-1044.1790213826748
Sto_CPLE_8h,24,SoC,-1041.739835729569
Sto_CPLE_8h,48,SoC,-1041.739835729569
Sto_CPLW_4h,24,SoC,-1104.8728713940998
Sto_CPLW_4h,48,SoC,-930.0478208484496
Sto_CPLW_6h,24,SoC,-139.49661253134013
Sto_CPLW_6h,48,SoC,-127.11293164332693
Sto_CPLW_8h,24,SoC,-162.89588189930743
Sto_CPLW_8h,48,SoC,-124.30700822022891
Sto_DUK_4h,24,SoC,-1105.981577286507
Sto_DUK_4h,48,SoC,-965.7110124860242
Sto_DUK_6h,24,SoC,-1024.3975143766525
Sto_DUK_6h,48,SoC,-919.3810025309028
Sto_DUK_8h,24,SoC,-1367.580432828069
Sto_DUK_8h,48,SoC,-969.0229038595758
Sto_solar_CPLE_4h,24,SoC,-988.4203704587526
Sto_solar_CPLE_4h,48,SoC,-951.1336778212158
Sto_solar_CPLE_6h,24,SoC,-994.5036497459186
Sto_solar_CPLE_6h,48,SoC,-903.6216803355434
Sto_solar_CPLE_8h,24,SoC,-993.4764352141044
Sto_solar_CPLE_8h,48,SoC,-906.0148388332922
Sto_solar_CPLW_4h,24,SoC,-141.32068845209335
Sto_solar_CPLW_4h,48,SoC,-96.45833425570058
Sto_solar_CPLW_6h,24,SoC,27.659118680397043
Sto_solar_CPLW_6h,48,SoC,-32.7108093970939
Sto_solar_CPLW_8h,24,SoC,-120.19064648281332
Sto_solar_CPLW_8h,48,SoC,-89.96709156824954
Sto_solar_DUK_4h,24,SoC,-994.5036497459186
Sto_solar_DUK_4h,48,SoC,-903.6216803355434
Sto_solar_DUK_6h,24,SoC,-994.5036497459186
Sto_solar_DUK_6h,48,SoC,-903.6216803355434
Sto_solar_DUK_8h,24,SoC,-994.5036497459184
Sto_solar_DUK_8h,48,SoC,-903.6216803355431
n_10123_wind,24,DT_Obl,32.0
n_10123_wind,24,PowerGenerated,-384.22179538225845
n_10123_wind,24,UT_Obl,40.0
n_10123_wind,24,UnitOn,11.7360649122503
n_10123_wind,48,DT_Obl,32.0
n_10123_wind,48,PowerGenerated,38.52186978918854
n_10123_wind,48,UT_Obl,40.0
n_10123_wind,48,UnitOn,30.0
n_28951_wind,24,DT_Obl,32.0
n_28951_wind,24,PowerGenerated,-343.94273192190917
n_28951_wind,24,UT_Obl,40.0
n_28951_wind,24,UnitOn,11.7360649122503
n_28951_wind,48,DT_Obl,32.0
n_28951_wind,48,PowerGenerated,127.4044790171084
n_28951_wind,48,UT_Obl,40.0
n_28951_wind,48,UnitOn,30.0
n_4452_wind,24,DT_Obl,32.0
n_4452_wind,24,PowerGenerated,-493.41535062046097
n_4452_wind,24,UT_Obl,40.0
n_4452_wind,24,UnitOn,11.7360649122503
n_4452_wind,48,DT_Obl,32.0
n_4452_wind,48,PowerGenerated,36.542548702905
n_4452_wind,48,UT_Obl,40.0
n_4452_wind,48,UnitOn,30.0
n_6690_wind,24,DT_Obl,32.0
n_6690_wind,24,PowerGenerated,-42.460429775592644
n_6690_wind,24,UT_Obl,40.0
n_6690_wind,24,UnitOn,11.7360649122503
n_6690_wind,48,DT_Obl,32.0
n_6690_wind,48,PowerGenerated,-27.306341327771428
n_6690_wind,48,UT_Obl,40.0
n_6690_wind,48,UnitOn,21.697025253608867
n_9864_wind,24,DT_Obl,32.0
n_9864_wind,24,PowerGenerated,-876.3356343444525
n_9864_wind,24,UT_Obl,40.0
n_9864_wind,24,UnitOn,11.7360649122503
n_9864_wind,48,DT_Obl,32.0
n_9864_wind,48,PowerGenerated,40.827093267645466
n_9864_wind,48,UT_Obl,40.0
n_9864_wind,48,UnitOn,30.0
n_9908_wind,24,DT_Obl,32.0
n_9908_wind,24,PowerGenerated,-1109.7422514108287
n_9908_wind,24,UT_Obl,40.0
n_9908_wind,24,UnitOn,11.7360649122503
n_9908_wind,48,DT_Obl,32.0
n_9908_wind,48,PowerGenerated,-52.61900358753721
n_9908_wind,48,UT_Obl,40.0
n_9908_wind,48,UnitOn,30.0
oil_10017,24,DT_Obl,32.0
oil_10017,24,PowerGenerated,34.99999999999925
oil_10017,24,UT_Obl,21.736064912250303
oil_10017,24,UnitOn,30.0
oil_10017,48,DT_Obl,32.0
oil_10017,48,PowerGenerated,34.99999999999903
oil_10017,48,UT_Obl,21.736064912250303
oil_10017,48,UnitOn,30.0
oil_13843,24,DT_Obl,32.0
oil_13843,24,PowerGenerated,34.99999999999963
oil_13843,24,UT_Obl,21.736064912250303
oil_13843,24,UnitOn,30.0
oil_13843,48,DT_Obl,32.0
oil_13843,48,PowerGenerated,34.999999999997144
oil_13843,48,UT_Obl,21.736064912250303
oil_13843,48,UnitOn,30.0
oil_14301,24,DT_Obl,32.0
oil_14301,24,PowerGenerated,35.0
oil_14301,24,UT_Obl,21.736064912250303
oil_14301,24,UnitOn,30.0
oil_14301,48,DT_Obl,32.0
oil_14301,48,PowerGenerated,35.0
oil_14301,48,UT_Obl,21.736064912250303
oil_14301,48,UnitOn,30.0
oil_14508,24,DT_Obl,32.0
oil_14508,24,PowerGenerated,35.0
oil_14508,24,UT_Obl,21.736064912250303
oil_14508,24,UnitOn,30.0
oil_14508,48,DT_Obl,32.0
oil_14508,48,PowerGenerated,35.0
oil_14508,48,UT_Obl,21.736064912250303
oil_14508,48,UnitOn,30.0
oil_14783,24,DT_Obl,32.0
oil_14783,24,PowerGenerated,35.0
oil_14783,24,UT_Obl,21.736064912250303
oil_14783,24,UnitOn,30.0
oil_14783,48,DT_Obl,32.0
oil_14783,48,PowerGenerated,35.0
oil_14783,48,UT_Obl,21.736064912250303
oil_14783,48,UnitOn,30.0
oil_15511,24,DT_Obl,32.0
oil_15511,24,PowerGenerated,29.422562292514982
oil_15511,24,UT_Obl,21.736064912250303
oil_15511,24,UnitOn,30.0
oil_15511,48,DT_Obl,32.0
oil_15511,48,PowerGenerated,16.736064912250296
oil_15511,48,UT_Obl,21.736064912250303
oil_15511,48,UnitOn,11.7360649122503
oil_15630,24,DT_Obl,32.0
oil_15630,24,PowerGenerated,35.0
oil_15630,24,UT_Obl,21.736064912250303
oil_15630,24,UnitOn,30.0
oil_15630,48,DT_Obl,32.0
oil_15630,48,PowerGenerated,35.0
oil_15630,48,UT_Obl,21.736064912250303
oil_15630,48,UnitOn,30.0
oil_15641,24,DT_Obl,32.0
oil_15641,24,PowerGenerated,23.767443005850062
oil_15641,24,UT_Obl,21.736064912250303
oil_15641,24,UnitOn,30.0
oil_15641,48,DT_Obl,32.0
oil_15641,48,PowerGenerated,34.999999999999744
oil_15641,48,UT_Obl,21.736064912250303
oil_15641,48,UnitOn,30.0
oil_15692,24,DT_Obl,16.830748471706748
oil_15692,24,PowerGenerated,-22.84265140324524
oil_15692,24,UT_Obl,36.90531644054356
oil_15692,24,UnitOn,11.7360649122503
oil_15692,48,DT_Obl,13.7360649122503
oil_15692,48,PowerGenerated,-22.84265140324524
oil_15692,48,UT_Obl,40.0
oil_15692,48,UnitOn,11.7360649122503
oil_15782,24,DT_Obl,32.0
oil_15782,24,PowerGenerated,23.68194071339347
oil_15782,24,UT_Obl,21.736064912250303
oil_15782,24,UnitOn,23.7121892852186
oil_15782,48,DT_Obl,32.0
oil_15782,48,PowerGenerated,35.0
oil_15782,48,UT_Obl,21.736064912250303
oil_15782,48,UnitOn,30.0
oil_17246,24,DT_Obl,32.0
oil_17246,24,PowerGenerated,35.0
oil_17246,24,UT_Obl,21.736064912250303
oil_17246,24,UnitOn,30.0
oil_17246,48,DT_Obl,32.0
oil_17246,48,PowerGenerated,34.99999999999997
oil_17246,48,UT_Obl,21.736064912250303
oil_17246,48,UnitOn,30.0
oil_18302,24,DT_Obl,32.0
oil_18302,24,PowerGenerated,34.99999999999993
oil_18302,24,UT_Obl,21.736064912250303
oil_18302,24,UnitOn,30.0
oil_18302,48,DT_Obl,32.0
oil_18302,48,PowerGenerated,34.999999999999964
oil_18302,48,UT_Obl,21.736064912250303
oil_18302,48,UnitOn,30.0
oil_18690,24,DT_Obl,32.0
oil_18690,24,PowerGenerated,34.99999999999978
oil_18690,24,UT_Obl,21.736064912250303
oil_18690,24,UnitOn,30.0
oil_18690,48,DT_Obl,32.0
oil_18690,48,PowerGenerated,34.99999999999996
oil_18690,48,UT_Obl,21.736064912250303
oil_18690,48,UnitOn,30.0
oil_21285,24,DT_Obl,32.0
oil_21285,24,PowerGenerated,34.99999999998595
oil_21285,24,UT_Obl,21.736064912250303
oil_21285,24,UnitOn,30.0
oil_21285,48,DT_Obl,32.0
oil_21285,48,PowerGenerated,34.999999999984226
oil_21285,48,UT_Obl,21.736064912250303
oil_21285,48,UnitOn,30.0
oil_23782,24,DT_Obl,23.37002110069662
oil_23782,24,PowerGenerated,-17.0515400453102
oil_23782,24,UT_Obl,30.366043811553666
oil_23782,24,UnitOn,18.0238756270317
oil_23782,48,DT_Obl,13.7360649122503
oil_23782,48,PowerGenerated,-49.180720158642416
oil_23782,48,UT_Obl,40.0
oil_23782,48,UnitOn,11.7360649122503
oil_28471,24,DT_Obl,32.0
oil_28471,24,PowerGenerated,0.9340861325686083
oil_28471,24,UT_Obl,21.736064912250303
oil_28471,24,UnitOn,11.7360649122503
oil_28471,48,DT_Obl,32.0
oil_28471,48,PowerGenerated,0.9340861325686083
oil_28471,48,UT_Obl,21.736064912250303
oil_28471,48,UnitOn,11.7360649122503
oil_28504,24,DT_Obl,32.0
oil_28504,24,PowerGenerated,34.99999999999919
oil_28504,24,UT_Obl,21.736064912250303
oil_28504,24,UnitOn,30.0
oil_28504,48,DT_Obl,32.0
oil_28504,48,PowerGenerated,34.99999999999941
oil_28504,48,UT_Obl,21.736064912250303
oil_28504,48,UnitOn,30.0
oil_29228,24,DT_Obl,13.7360649122503
oil_29228,24,PowerGenerated,-1.7633656961849167
oil_29228,24,UT_Obl,40.0
oil_29228,24,UnitOn,25.913948436303457
oil_29228,48,DT_Obl,13.7360649122503
oil_29228,48,PowerGenerated,-1.7633656961849167
oil_29228,48,UT_Obl,40.0
oil_29228,48,UnitOn,25.913948436303457
oil_29477,24,DT_Obl,32.0
oil_29477,24,PowerGenerated,35.0
oil_29477,24,UT_Obl,21.736064912250303
oil_29477,24,UnitOn,30.0
oil_29477,48,DT_Obl,32.0
oil_29477,48,PowerGenerated,35.0
oil_29477,48,UT_Obl,21.736064912250303
oil_29477,48,UnitOn,30.0
oil_30212,24,DT_Obl,32.0
oil_30212,24,PowerGenerated,34.99999999999808
oil_30212,24,UT_Obl,21.736064912250303
oil_30212,24,UnitOn,30.0
oil_30212,48,DT_Obl,32.0
oil_30212,48,PowerGenerated,34.99999999999901
oil_30212,48,UT_Obl,21.736064912250303
oil_30212,48,UnitOn,30.0
oil_31224,24,DT_Obl,32.0
oil_31224,24,PowerGenerated,34.99999999992027
oil_31224,24,UT_Obl,21.736064912250303
oil_31224,24,UnitOn,30.0
oil_31224,48,DT_Obl,32.0
oil_31224,48,PowerGenerated,34.999999999929486
oil_31224,48,UT_Obl,21.736064912250303
oil_31224,48,UnitOn,30.0
oil_4459,24,DT_Obl,32.0
oil_4459,24,PowerGenerated,35.0
oil_4459,24,UT_Obl,21.736064912250303
oil_4459,24,UnitOn,30.0
oil_4459,48,DT_Obl,32.0
oil_4459,48,PowerGenerated,35.0
oil_4459,48,UT_Obl,21.736064912250303
oil_4459,48,UnitOn,30.0
oil_4475,24,DT_Obl,32.0
oil_4475,24,PowerGenerated,3.592261880319469
oil_4475,24,UT_Obl,21.736064912250303
oil_4475,24,UnitOn,11.7360649122503
oil_4475,48,DT_Obl,32.0
oil_4475,48,PowerGenerated,3.592261880319469
oil_4475,48,UT_Obl,21.736064912250303
oil_4475,48,UnitOn,11.7360649122503
oil_4478,24,DT_Obl,32.0
oil_4478,24,PowerGenerated,34.99999999999985
oil_4478,24,UT_Obl,21.736064912250303
oil_4478,24,UnitOn,30.0
oil_4478,48,DT_Obl,32.0
oil_4478,48,PowerGenerated,29.043427049853864
oil_4478,48,UT_Obl,21.736064912250303
oil_4478,48,UnitOn,30.0
oil_4496,24,DT_Obl,32.0
oil_4496,24,PowerGenerated,3.592261880319469
oil_4496,24,UT_Obl,21.736064912250303
oil_4496,24,UnitOn,11.7360649122503
oil_4496,48,DT_Obl,32.0
oil_4496,48,PowerGenerated,3.592261880319469
oil_4496,48,UT_Obl,21.736064912250303
oil_4496,48,UnitOn,11.7360649122503
oil_4517,24,DT_Obl,32.0
oil_4517,24,PowerGenerated,2.100327370751703
oil_4517,24,UT_Obl,21.736064912250303
oil_4517,24,UnitOn,25.025697679768754
oil_4517,48,DT_Obl,32.0
oil_4517,48,PowerGenerated,6.5819735151980066
oil_4517,48,UT_Obl,21.736064912250303
oil_4517,48,UnitOn,23.460727371010126
oil_6954,24,DT_Obl,32.0
oil_6954,24,PowerGenerated,3.592261880319469
oil_6954,24,UT_Obl,21.736064912250303
oil_6954,24,UnitOn,11.7360649122503
oil_6954,48,DT_Obl,32.0
oil_6954,48,PowerGenerated,3.592261880319469
oil_6954,48,UT_Obl,21.736064912250303
oil_6954,48,UnitOn,11.7360649122503
oil_7031,24,DT_Obl,32.0
oil_7031,24,PowerGenerated,34.99999999999978
oil_7031,24,UT_Obl,21.736064912250303
oil_7031,24,UnitOn,30.0
oil_7031,48,DT_Obl,32.0
oil_7031,48,PowerGenerated,34.999999999999915
oil_7031,48,UT_Obl,21.736064912250303
oil_7031,48,UnitOn,30.0
oil_7041,24,DT_Obl,32.0
oil_7041,24,PowerGenerated,34.99999999999998
oil_7041,24,UT_Obl,21.736064912250303
oil_7041,24,UnitOn,30.0
oil_7041,48,DT_Obl,32.0
oil_7041,48,PowerGenerated,34.99999999999999
oil_7041,48,UT_Obl,21.736064912250303
oil_7041,48,UnitOn,30.0
oil_8325,24,DT_Obl,18.63608541131285
oil_8325,24,PowerGenerated,-3.578957156832529
oil_8325,24,UT_Obl,35.099979500937444
oil_8325,24,UnitOn,12.042066094211863
oil_8325,48,DT_Obl,18.63608541131285
oil_8325,48,PowerGenerated,-3.578957156832529
oil_8325,48,UT_Obl,35.099979500937444
oil_8325,48,UnitOn,12.042066094211863
