name,typ,node,maxcap,heat_rate,mincap,var_om,no_load,st_cost,ramp,minup,mindn
PP_2721_6,coal,30898,909.5,9.347078398,345.61,4.6,1035.41241,63665,318.325,24,24
PP_2727_3,coal,6669,711,10.00982873,270.18,4.6,866.8241942,49770,248.85,24,24
PP_2727_4,coal,6669,711,9.712992375,270.18,4.6,841.1189657,49770,248.85,24,24
PP_54276_TG3,coal,4169,28,18.92863428,10.64,4.6,64.55235469,1960,9.8,24,24
PP_6249_1,coal,9898,315,10.97442153,119.7,4.6,421.0435012,22050,110.25,24,24
PP_6249_2,coal,9898,315,10.86358764,119.7,4.6,416.7912599,22050,110.25,24,24
PP_6249_3,coal,9898,315,12.95471058,119.7,4.6,497.0190625,22050,110.25,24,24
PP_6249_4,coal,9898,315,15.31254511,119.7,4.6,587.4794938,22050,110.25,24,24
PP_1016_all,ngcc,7619,231.9,13.31,88.122,3.17,436.0712777,16233,231.9,6,6
PP_1016_9,ngcc,7619,73,12.3847,27.74,3.17,128.5598341,5110,73,6,6
PP_10795_GEN3,ngct,31014,19,8.79,7.22,3.17,24.6306348,1330,19,1,1
PP_2706_CT5,ngcc,28665,191.2,10.18051779,72.656,3.17,276.7927479,13384,191.2,6,6
PP_2706_CT7,ngcc,28665,191.2,10.20180861,72.656,3.17,277.3716128,13384,191.2,6,6
PP_2706_GT1,ngct,28665,211.7,14.65058599,80.446,3.17,457.4135049,14819,211.7,1,1
PP_2706_GT2,ngct,28665,211.8,8.87774897,80.484,3.17,277.3077106,14826,211.8,1,1
PP_2706_ST6,ngcc,28665,102.8,7.022,39.064,3.17,102.6480945,7196,102.8,6,6
PP_2706_ST8,ngcc,28665,102.8,7.022,39.064,3.17,102.6480945,7196,102.8,6,6
PP_2709_1,ngct,6661,195.2,7.022461832,74.176,3.17,202.1633054,13664,195.2,1,1
PP_2709_1A,ngcc,6661,221,11.69241991,83.98,3.17,367.4460893,15470,221,6,6
PP_2709_1B,ngcc,6661,221,11.8699891,83.98,3.17,373.0263802,15470,221,6,6
PP_2709_1C,ngcc,6661,221,11.59024752,83.98,3.17,364.2352189,15470,221,6,6
PP_2709_2,ngct,6661,195.2,12.1518319,74.176,3.17,349.8281033,13664,195.2,1,1
PP_2709_3,ngct,6661,195.2,14.03650347,74.176,3.17,404.0842094,13664,195.2,1,1
PP_2709_4,ngct,6661,195.2,18.01652318,74.176,3.17,518.6613989,13664,195.2,1,1
PP_2709_5,ngct,6661,198.9,7.022461832,75.582,3.17,205.9952943,13923,198.9,1,1
PP_2709_ST1,ngcc,6661,405,7.279365708,153.9,3.17,419.223398,28350,405,6,6
PP_2713_CA1,ngcc,28666,288,7.079761535,109.44,3.17,289.9399567,20160,288,6,6
PP_2713_CT004,ngct,28666,60.5,10.05826582,22.99,3.17,89.74527911,4235,60.5,1,1
PP_2713_CT005,ngct,28666,60.5,9.521436303,22.99,3.17,84.95539627,4235,60.5,1,1
PP_2713_CT1,ngcc,28666,221,7.079761535,83.98,3.17,222.4886473,15470,221,6,6
PP_2713_CT2,ngcc,28666,221,7.079761535,83.98,3.17,222.4886473,15470,221,6,6
PP_2720_CT11,ngcc,31267,185.3,11.70664028,70.414,3.17,308.464113,12971,185.3,6,6
PP_2720_CT12,ngcc,31267,185.3,11.41271849,70.414,3.17,300.7194209,12971,185.3,6,6
PP_2720_ST10,ngcc,31267,327.3,6.93533071,124.374,3.17,322.7826127,22911,327.3,6,6
PP_2723_CT8,ngcc,7014,185.3,12.05815067,70.414,3.17,317.7262359,12971,185.3,6,6
PP_2723_CT9,ngcc,7014,185.3,11.9697903,70.414,3.17,315.3979843,12971,185.3,6,6
PP_2723_ST7,ngcc,7014,327.3,7.169014213,124.374,3.17,333.6586581,22911,327.3,6,6
PP_3250_12,ngct,6707,158,22.8891042,60.04,3.17,533.3582438,11060,158,1,1
PP_3250_13,ngct,6707,158,15.24638777,60.04,3.17,355.2688884,11060,158,1,1
PP_3264_3,ngct,10239,163.2,7.192703841,62.016,3.17,173.1192899,11424,163.2,1,1
PP_3264_7,ngct,10239,54,11.97473995,20.52,3.17,95.36587098,3780,54,1,1
PP_3264_8,ngct,10239,54,15.78093839,20.52,3.17,125.6781309,3780,54,1,1
PP_3264_CT11,ngcc,10239,242.3,12.18914372,92.074,3.17,419.9751211,16961,242.3,6,6
PP_3264_CT12,ngcc,10239,242.3,12.16408733,92.074,3.17,419.111807,16961,242.3,6,6
PP_3264_ST10,ngcc,10239,362.1,7.192703841,137.598,3.17,370.3545253,25347,362.1,6,6
PP_3291_GT2,ngct,9961,19.6,16.4977092,7.448,3.17,47.6884102,1372,19.6,1,1
PP_3291_GT3,ngct,9961,22.3,16.49769738,8.474,3.17,54.25769313,1561,22.3,1,1
PP_3291_GT4,ngct,9961,22.3,16.49769738,8.474,3.17,54.25769313,1561,22.3,1,1
PP_55043_GT1,ngcc,4521,60,12.37510126,22.8,3.17,105.5837211,4200,60,6,6
PP_55043_ST1,ngcc,4521,41.2,7.260931387,15.656,3.17,42.53892406,2884,41.2,6,6
PP_55166_CT01,ngct,4521,197,11.94986135,74.86,3.17,347.1860137,13790,197,1,1
PP_55166_CT02,ngct,4521,197,11.18838102,74.86,3.17,325.0622993,13790,197,1,1
PP_55166_CT03,ngct,4521,197,7.617751931,74.86,3.17,221.3228128,13790,197,1,1
PP_55166_CT04,ngct,4521,197,11.24637597,74.86,3.17,326.747259,13790,197,1,1
PP_55166_CT05,ngct,4521,197,10.90407923,74.86,3.17,316.8023202,13790,197,1,1
PP_56249_1,ngct,29024,57.3,3.988123447,21.774,3.17,33.70205195,4011,57.3,1,1
PP_56249_2,ngct,29024,57.3,5.928300405,21.774,3.17,50.09771912,4011,57.3,1,1
PP_56249_3,ngct,29024,57.3,5.366900809,21.774,3.17,45.35355344,4011,57.3,1,1
PP_56249_4,ngct,29024,57.3,6.002832867,21.774,3.17,50.72756344,4011,57.3,1,1
PP_56249_5,ngct,29024,57.3,3.768655408,21.774,3.17,31.84741447,4011,57.3,1,1
PP_56249_6,ngct,29024,57.3,5.761277734,21.774,3.17,48.68627666,4011,57.3,1,1
PP_56292_ES1,ngct,28663,57.3,6.76235573,21.774,3.17,57.14599038,4011,57.3,1,1
PP_56292_ES2,ngct,28663,57.3,2.909009208,21.774,3.17,24.58288485,4011,57.3,1,1
PP_56292_ES3,ngct,28663,57.3,3.374423564,21.774,3.17,28.51591727,4011,57.3,1,1
PP_56292_ES4,ngct,28663,57.3,6.939299966,21.774,3.17,58.64127605,4011,57.3,1,1
PP_56292_ES5,ngct,28663,57.3,7.048787496,21.774,3.17,59.56651181,4011,57.3,1,1
PP_56292_ES6,ngct,28663,57.3,3.422845555,21.774,3.17,28.92511234,4011,57.3,1,1
PP_57029_1,ngct,29803,184,10.33800054,69.92,3.17,280.5352908,12880,184,1,1
PP_57029_2,ngct,29803,184,10.38112521,69.92,3.17,281.7055357,12880,184,1,1
PP_57029_3,ngct,29803,184,10.63188612,69.92,3.17,288.510264,12880,184,1,1
PP_57029_4,ngct,29803,184,9.65182645,69.92,3.17,261.9150511,12880,184,1,1
PP_57505_1,ngct,15782,15,30.34166667,5.7,3.17,67.12183501,1050,15,1,1
PP_57505_2,ngct,15782,15,30.34166667,5.7,3.17,67.12183501,1050,15,1,1
PP_58400_GT01,ngct,229,5.5,20.65079365,2.09,3.17,16.75068476,385,5.5,1,1
PP_59325_KMEC1,ngcc,29803,310.2,6.799916498,117.876,3.17,299.9454824,21714,310.2,6,6
PP_59325_KMEC2,ngcc,29803,233.7,6.799916498,88.806,3.17,225.9744012,16359,233.7,6,6
PP_61675_CTG1,ngct,12439,5.6,12.80846445,2.128,3.17,10.57835709,392,5.6,1,1
PP_61675_STG,ngct,12439,1,18.21190476,0.38,3.17,2.685891714,70,1,1,1
PP_61676_CTG1,ngct,12439,5.6,14.03271841,2.128,3.17,11.58945374,392,5.6,1,1
PP_61676_CTG2,ngct,12439,5.6,14.03271841,2.128,3.17,11.58945374,392,5.6,1,1
PP_63063_GT01,ngct,229,13.4,15.11989326,5.092,3.17,29.8804169,938,13.4,1,1
PP_7277_1,ngct,4099,109.6,16.11295154,41.648,3.17,260.446655,7672,109.6,1,1
PP_7277_10,ngct,4099,109.6,10.33347846,41.648,3.17,167.0283618,7672,109.6,1,1
PP_7277_11,ngct,4099,109.6,18.77286987,41.648,3.17,303.4410642,7672,109.6,1,1
PP_7277_12,ngct,4099,109.6,16.38613326,41.648,3.17,264.8623119,7672,109.6,1,1
PP_7277_13,ngct,4099,109.6,16.05036228,41.648,3.17,259.4349742,7672,109.6,1,1
PP_7277_14,ngct,4099,109.6,16.1252256,41.648,3.17,260.6450506,7672,109.6,1,1
PP_7277_15,ngct,4099,109.6,14.43116937,41.648,3.17,233.2626509,7672,109.6,1,1
PP_7277_16,ngct,4099,109.6,12.60900501,41.648,3.17,203.8095361,7672,109.6,1,1
PP_7277_2,ngct,4099,109.6,20.73080578,41.648,3.17,335.0887643,7672,109.6,1,1
PP_7277_3,ngct,4099,109.6,20.71208254,41.648,3.17,334.7861255,7672,109.6,1,1
PP_7277_4,ngct,4099,109.6,20.31965066,41.648,3.17,328.4429319,7672,109.6,1,1
PP_7277_5,ngct,4099,109.6,17.4396495,41.648,3.17,281.8911461,7672,109.6,1,1
PP_7277_6,ngct,4099,109.6,16.02792414,41.648,3.17,259.0722884,7672,109.6,1,1
PP_7277_7,ngct,4099,109.6,18.1367138,41.648,3.17,293.1583596,7672,109.6,1,1
PP_7277_8,ngct,4099,109.6,12.69175035,41.648,3.17,205.1470158,7672,109.6,1,1
PP_7277_9,ngct,4099,109.6,14.1904608,41.648,3.17,229.3718838,7672,109.6,1,1
PP_7805_001,ngct,28663,199.4,8.586263318,75.772,3.17,252.5006416,13958,199.4,1,1
PP_7805_002,ngct,28663,199.4,11.71478183,75.772,3.17,344.5025872,13958,199.4,1,1
PP_7805_003,ngct,28663,199.4,9.632253189,75.772,3.17,283.2606012,13958,199.4,1,1
PP_7805_004,ngct,28663,199.4,12.37114605,75.772,3.17,363.8046259,13958,199.4,1,1
PP_7805_10,ngcc,28663,191.2,11.62520531,72.656,3.17,316.0715977,13384,191.2,6,6
PP_7805_6,ngct,28663,199.4,11.75552528,75.772,3.17,345.7007507,13958,199.4,1,1
PP_7805_7,ngcc,28663,199.4,11.13394722,75.772,3.17,315.6975884,13958,199.4,6,6
PP_7805_8,ngcc,28663,199.4,11.17414382,75.772,3.17,316.8373432,13958,199.4,6,6
PP_7805_9,ngcc,28663,191.2,11.67681469,72.656,3.17,317.474778,13384,191.2,6,6
PP_7805_ST4,ngcc,28663,195.5,7.676022526,74.29,3.17,213.3928946,13685,195.5,6,6
PP_7805_ST5,ngcc,28663,271.1,7.676022526,103.018,3.17,295.9120906,18977,271.1,6,6
PP_7826_001,ngct,4473,199.4,8.319994155,75.772,3.17,244.670328,13958,199.4,1,1
PP_7826_002,ngct,4473,199.4,11.61965432,75.772,3.17,341.7051239,13958,199.4,1,1
PP_7826_003,ngct,4473,199.4,12.76731362,75.772,3.17,375.4549285,13958,199.4,1,1
PP_7826_4,ngcc,4473,199.4,10.72345987,75.772,3.17,304.0584218,13958,199.4,6,6
PP_7826_5,ngcc,4473,199.4,10.712896,75.772,3.17,303.7588885,13958,199.4,6,6
PP_7826_STG,ngcc,4473,195,7.412731677,74.1,3.17,205.5463852,13650,195,6,6
PP_7834_CT1A,ngcc,8337,165,11.2067642,62.7,3.17,262.9427075,11550,165,6,6
PP_7834_CT1B,ngcc,8337,165,11.13612112,62.7,3.17,261.285219,11550,165,6,6
PP_7834_CT2A,ngct,8337,165,17.04336612,62.7,3.17,414.7366798,11550,165,1,1
PP_7834_CT2B,ngct,8337,165,17.79513976,62.7,3.17,433.0304899,11550,165,1,1
PP_7834_CT3A,ngct,8337,84,8.259202161,31.92,3.17,102.3176393,5880,84,1,1
PP_7834_CT3B,ngct,8337,84,8.259202161,31.92,3.17,102.3176393,5880,84,1,1
PP_7834_CT4A,ngct,8337,84,8.259202161,31.92,3.17,102.3176393,5880,84,1,1
PP_7834_ST1S,ngcc,8337,190,8.259202161,72.2,3.17,223.1457653,13300,190,6,6
PP_7981_1,ngct,4477,99.9,12.01938938,37.962,3.17,177.0846926,6993,99.9,1,1
PP_7981_2,ngct,4477,99.9,15.38481366,37.962,3.17,226.6683366,6993,99.9,1,1
PP_7981_3,ngct,4477,99.9,12.22088881,37.962,3.17,180.0534345,6993,99.9,1,1
PP_7981_4,ngct,4477,99.9,17.30628746,37.962,3.17,254.9778943,6993,99.9,1,1
PP_7981_5,ngct,4477,99.9,10.35627197,37.962,3.17,152.5815647,6993,99.9,1,1
PP_7981_6,ngct,4477,99.9,15.36601002,37.962,3.17,226.3912979,6993,99.9,1,1
PP_7981_7,ngct,4477,99.9,11.10848832,37.962,3.17,163.6641578,6993,99.9,1,1
PP_7981_8,ngct,4477,99.9,10.69010606,37.962,3.17,157.5000265,6993,99.9,1,1
PP_10051_GEN1,hydro,30069,10000,0,0,0,0,0,0,0,0
PP_10051_GEN2,hydro,30069,10000,0,0,0,0,0,0,0,0
PP_10173_T-1,hydro,4521,10000,0,0,0,0,0,0,0,0
PP_10181_GEN2,hydro,28601,10000,0,0,0,0,0,0,0,0
PP_10181_GEN3,hydro,28601,10000,0,0,0,0,0,0,0,0
PP_10258_1,hydro,1851,10000,0,0,0,0,0,0,0,0
PP_10258_2,hydro,1851,10000,0,0,0,0,0,0,0,0
PP_10550_GEN1,hydro,4517,10000,0,0,0,0,0,0,0,0
PP_10787_GEN1,hydro,14003,10000,0,0,0,0,0,0,0,0
PP_10799_GEN1,hydro,10239,10000,0,0,0,0,0,0,0,0
PP_10800_GEN1,hydro,10239,10000,0,0,0,0,0,0,0,0
PP_10801_GEN1,hydro,28842,10000,0,0,0,0,0,0,0,0
PP_10801_GEN2,hydro,28842,10000,0,0,0,0,0,0,0,0
PP_2707_1,hydro,30525,10000,0,0,0,0,0,0,0,0
PP_2707_2,hydro,30525,10000,0,0,0,0,0,0,0,0
PP_2707_3,hydro,30525,10000,0,0,0,0,0,0,0,0
PP_2707_4,hydro,30525,10000,0,0,0,0,0,0,0,0
PP_2707_5,hydro,30525,10000,0,0,0,0,0,0,0,0
PP_2707_6,hydro,30525,10000,0,0,0,0,0,0,0,0
PP_2707_GT1,oil,30525,17.5,32,6.65,2,26.0095931,1225,17.5,1,1
PP_2707_GT2,oil,30525,17.5,48,6.65,2,39.01438965,1225,17.5,1,1
PP_2707_GT3,oil,30525,17.5,45,6.65,2,36.5759903,1225,17.5,1,1
PP_2707_GT4,oil,30525,17.5,39,6.65,2,31.69919159,1225,17.5,1,1
PP_2710_HC1,hydro,28601,10000,0,0,0,0,0,0,0,0
PP_2710_HC2,hydro,28601,10000,0,0,0,0,0,0,0,0
PP_2714_1,hydro,15691,10000,0,0,0,0,0,0,0,0
PP_2714_2,hydro,15691,10000,0,0,0,0,0,0,0,0
PP_2714_3,hydro,15691,10000,0,0,0,0,0,0,0,0
PP_2714_4,hydro,15691,10000,0,0,0,0,0,0,0,0
PP_2715_1,hydro,6024,10000,0,0,0,0,0,0,0,0
PP_2715_2,hydro,6024,10000,0,0,0,0,0,0,0,0
PP_2715_3,hydro,6024,10000,0,0,0,0,0,0,0,0
PP_2719_1,hydro,16289,10000,0,0,0,0,0,0,0,0
PP_2719_2,hydro,16289,10000,0,0,0,0,0,0,0,0
PP_2719_3,hydro,16289,10000,0,0,0,0,0,0,0,0
PP_2722_1,hydro,6646,10000,0,0,0,0,0,0,0,0
PP_2722_2,hydro,6646,10000,0,0,0,0,0,0,0,0
PP_2722_3,hydro,6646,10000,0,0,0,0,0,0,0,0
PP_2722_4,hydro,6646,10000,0,0,0,0,0,0,0,0
PP_2726_1,hydro,29021,10000,0,0,0,0,0,0,0,0
PP_2726_2,hydro,29021,10000,0,0,0,0,0,0,0,0
PP_2726_3,hydro,29021,10000,0,0,0,0,0,0,0,0
PP_2728_1,hydro,30415,10000,0,0,0,0,0,0,0,0
PP_2728_2,hydro,30415,10000,0,0,0,0,0,0,0,0
PP_2728_3,hydro,30415,10000,0,0,0,0,0,0,0,0
PP_2728_4,hydro,30415,10000,0,0,0,0,0,0,0,0
PP_2729_1,hydro,15622,10000,0,0,0,0,0,0,0,0
PP_2729_2,hydro,15622,10000,0,0,0,0,0,0,0,0
PP_2730_1,hydro,14194,10000,0,0,0,0,0,0,0,0
PP_2730_2,hydro,14194,10000,0,0,0,0,0,0,0,0
PP_2730_3,hydro,14194,10000,0,0,0,0,0,0,0,0
PP_2735_1,hydro,11731,10000,0,0,0,0,0,0,0,0
PP_2735_2,hydro,11731,10000,0,0,0,0,0,0,0,0
PP_2736_1,hydro,11731,10000,0,0,0,0,0,0,0,0
PP_2736_2,hydro,11731,10000,0,0,0,0,0,0,0,0
PP_2741_1,hydro,6024,10000,0,0,0,0,0,0,0,0
PP_2743_1,hydro,6024,10000,0,0,0,0,0,0,0,0
PP_2745_1,hydro,13721,10000,0,0,0,0,0,0,0,0
PP_2745_2,hydro,13721,10000,0,0,0,0,0,0,0,0
PP_2746_1,hydro,1063,10000,0,0,0,0,0,0,0,0
PP_2746_2,hydro,1063,10000,0,0,0,0,0,0,0,0
PP_2746_3,hydro,1063,10000,0,0,0,0,0,0,0,0
PP_2747_1,hydro,1063,10000,0,0,0,0,0,0,0,0
PP_2749_1,hydro,6024,10000,0,0,0,0,0,0,0,0
PP_2750_1,hydro,7798,10000,0,0,0,0,0,0,0,0
PP_2751_1,hydro,7798,10000,0,0,0,0,0,0,0,0
PP_2758_1,hydro,2416,10000,0,0,0,0,0,0,0,0
PP_2758_2,hydro,2416,10000,0,0,0,0,0,0,0,0
PP_2758_3,hydro,2416,10000,0,0,0,0,0,0,0,0
PP_2758_4,hydro,2416,10000,0,0,0,0,0,0,0,0
PP_2773_1,hydro,15662,10000,0,0,0,0,0,0,0,0
PP_2773_2,hydro,15662,10000,0,0,0,0,0,0,0,0
PP_2778_1,hydro,1063,10000,0,0,0,0,0,0,0,0
PP_2779_1,hydro,1063,10000,0,0,0,0,0,0,0,0
PP_2779_2,hydro,1063,10000,0,0,0,0,0,0,0,0
PP_2779_3,hydro,1063,10000,0,0,0,0,0,0,0,0
PP_2780_1,hydro,1063,10000,0,0,0,0,0,0,0,0
PP_2780_2,hydro,1063,10000,0,0,0,0,0,0,0,0
PP_3253_1,hydro,28842,10000,0,0,0,0,0,0,0,0
PP_3253_2,hydro,28842,10000,0,0,0,0,0,0,0,0
PP_3254_HC1,hydro,30976,10000,0,0,0,0,0,0,0,0
PP_3254_HC2,hydro,30976,10000,0,0,0,0,0,0,0,0
PP_3254_HC3,hydro,30976,10000,0,0,0,0,0,0,0,0
PP_3255_1,hydro,18271,10000,0,0,0,0,0,0,0,0
PP_3255_2,hydro,18271,10000,0,0,0,0,0,0,0,0
PP_3255_3,hydro,18271,10000,0,0,0,0,0,0,0,0
PP_3256_1,hydro,28332,10000,0,0,0,0,0,0,0,0
PP_3256_2,hydro,28332,10000,0,0,0,0,0,0,0,0
PP_3256_3,hydro,28332,10000,0,0,0,0,0,0,0,0
PP_3257_1,hydro,28332,10000,0,0,0,0,0,0,0,0
PP_3257_2,hydro,28332,10000,0,0,0,0,0,0,0,0
PP_3257_3,hydro,28332,10000,0,0,0,0,0,0,0,0
PP_3257_4,hydro,28332,10000,0,0,0,0,0,0,0,0
PP_3257_5,hydro,28332,10000,0,0,0,0,0,0,0,0
PP_3258_3,hydro,4521,10000,0,0,0,0,0,0,0,0
PP_3258_4,hydro,4521,10000,0,0,0,0,0,0,0,0
PP_3258_5,hydro,4521,10000,0,0,0,0,0,0,0,0
PP_3258_6,hydro,4521,10000,0,0,0,0,0,0,0,0
PP_3259_1,hydro,28332,10000,0,0,0,0,0,0,0,0
PP_3259_2,hydro,28332,10000,0,0,0,0,0,0,0,0
PP_3259_5,hydro,28332,10000,0,0,0,0,0,0,0,0
PP_3259_6,hydro,28332,10000,0,0,0,0,0,0,0,0
PP_3261_1,hydro,10239,10000,0,0,0,0,0,0,0,0
PP_3261_2,hydro,10239,10000,0,0,0,0,0,0,0,0
PP_3261_3,hydro,10239,10000,0,0,0,0,0,0,0,0
PP_3261_4,hydro,10239,10000,0,0,0,0,0,0,0,0
PP_3262_1,hydro,275,10000,0,0,0,0,0,0,0,0
PP_3262_2,hydro,275,10000,0,0,0,0,0,0,0,0
PP_3262_3,hydro,275,10000,0,0,0,0,0,0,0,0
PP_3262_4,hydro,275,10000,0,0,0,0,0,0,0,0
PP_3267_1,hydro,28107,10000,0,0,0,0,0,0,0,0
PP_3267_2,hydro,28107,10000,0,0,0,0,0,0,0,0
PP_3267_3,hydro,28107,10000,0,0,0,0,0,0,0,0
PP_3267_4,hydro,28107,10000,0,0,0,0,0,0,0,0
PP_3270_1,hydro,17955,10000,0,0,0,0,0,0,0,0
PP_3270_2,hydro,17955,10000,0,0,0,0,0,0,0,0
PP_3270_3,hydro,17955,10000,0,0,0,0,0,0,0,0
PP_3270_4,hydro,17955,10000,0,0,0,0,0,0,0,0
PP_3270_5,hydro,17955,10000,0,0,0,0,0,0,0,0
PP_3271_1,hydro,28108,10000,0,0,0,0,0,0,0,0
PP_3271_2,hydro,28108,10000,0,0,0,0,0,0,0,0
PP_3271_3,hydro,28108,10000,0,0,0,0,0,0,0,0
PP_3271_4,hydro,28108,10000,0,0,0,0,0,0,0,0
PP_3272_1,hydro,18262,10000,0,0,0,0,0,0,0,0
PP_3272_2,hydro,18262,10000,0,0,0,0,0,0,0,0
PP_3272_3,hydro,18262,10000,0,0,0,0,0,0,0,0
PP_3272_4,hydro,18262,10000,0,0,0,0,0,0,0,0
PP_3275_2,hydro,18262,10000,0,0,0,0,0,0,0,0
PP_3275_HY1,hydro,18262,10000,0,0,0,0,0,0,0,0
PP_3275_HY3,hydro,18262,10000,0,0,0,0,0,0,0,0
PP_3275_HY4,hydro,18262,10000,0,0,0,0,0,0,0,0
PP_3275_HY5,hydro,18262,10000,0,0,0,0,0,0,0,0
PP_3289_1,hydro,18302,10000,0,0,0,0,0,0,0,0
PP_3289_2,hydro,18302,10000,0,0,0,0,0,0,0,0
PP_3289_3,hydro,18302,10000,0,0,0,0,0,0,0,0
PP_3289_4,hydro,18302,10000,0,0,0,0,0,0,0,0
PP_3290_1,hydro,9961,10000,0,0,0,0,0,0,0,0
PP_3290_2,hydro,9961,10000,0,0,0,0,0,0,0,0
PP_3290_4,hydro,9961,10000,0,0,0,0,0,0,0,0
PP_3290_5,hydro,9961,10000,0,0,0,0,0,0,0,0
PP_3290_6,hydro,9961,10000,0,0,0,0,0,0,0,0
PP_3323_1,hydro,28803,10000,0,0,0,0,0,0,0,0
PP_3323_2,hydro,28803,10000,0,0,0,0,0,0,0,0
PP_3323_3,hydro,28803,10000,0,0,0,0,0,0,0,0
PP_3323_4,hydro,28803,10000,0,0,0,0,0,0,0,0
PP_3323_5,hydro,28803,10000,0,0,0,0,0,0,0,0
PP_3323_6,hydro,28803,10000,0,0,0,0,0,0,0,0
PP_3323_7,hydro,28803,10000,0,0,0,0,0,0,0,0
PP_50890_GEN1,hydro,28601,10000,0,0,0,0,0,0,0,0
PP_50890_GEN2,hydro,28601,10000,0,0,0,0,0,0,0,0
PP_50890_GEN3,hydro,28601,10000,0,0,0,0,0,0,0,0
PP_50890_GEN4,hydro,28601,10000,0,0,0,0,0,0,0,0
PP_52049_1H,hydro,4536,10000,0,0,0,0,0,0,0,0
PP_52049_2V,hydro,4536,10000,0,0,0,0,0,0,0,0
PP_54675_DI2,oil,4536,2,9.492011943,0.76,2,0.881726316,140,2,1,1
PP_54801_GEN1,hydro,7011,10000,0,0,0,0,0,0,0,0
PP_54801_GEN2,hydro,7011,10000,0,0,0,0,0,0,0,0
PP_54801_GEN3,hydro,7011,10000,0,0,0,0,0,0,0,0
PP_54894_YN1,hydro,15692,10000,0,0,0,0,0,0,0,0
PP_54894_YN2,hydro,15692,10000,0,0,0,0,0,0,0,0
PP_54894_YN3,hydro,15692,10000,0,0,0,0,0,0,0,0
PP_54894_YN4,hydro,15692,10000,0,0,0,0,0,0,0,0
PP_54895_YF1,hydro,15692,10000,0,0,0,0,0,0,0,0
PP_54895_YF2,hydro,15692,10000,0,0,0,0,0,0,0,0
PP_54895_YF3,hydro,15692,10000,0,0,0,0,0,0,0,0
PP_54896_HR1,hydro,15641,10000,0,0,0,0,0,0,0,0
PP_54896_HR2,hydro,15641,10000,0,0,0,0,0,0,0,0
PP_54896_HR3,hydro,15641,10000,0,0,0,0,0,0,0,0
PP_54897_TT1,hydro,15692,10000,0,0,0,0,0,0,0,0
PP_54897_TT2,hydro,15692,10000,0,0,0,0,0,0,0,0
PP_54897_TT3,hydro,15692,10000,0,0,0,0,0,0,0,0
PP_54898_1,hydro,1063,10000,0,0,0,0,0,0,0,0
PP_54898_2,hydro,1063,10000,0,0,0,0,0,0,0,0
PP_54899_1A,hydro,1063,10000,0,0,0,0,0,0,0,0
PP_54899_2A,hydro,1063,10000,0,0,0,0,0,0,0,0
PP_54899_3A,hydro,1063,10000,0,0,0,0,0,0,0,0
PP_54899_4A,hydro,1063,10000,0,0,0,0,0,0,0,0
PP_54899_5,hydro,1063,10000,0,0,0,0,0,0,0,0
PP_58257_UP1,hydro,4478,10000,0,0,0,0,0,0,0,0
PP_58390_EMOD,hydro,29973,10000,0,0,0,0,0,0,0,0
PP_58390_WMOD,hydro,29973,10000,0,0,0,0,0,0,0,0
PP_6126_1,hydro,29011,10000,0,0,0,0,0,0,0,0
PP_6126_2,hydro,29011,10000,0,0,0,0,0,0,0,0
PP_6126_3,hydro,29011,10000,0,0,0,0,0,0,0,0
PP_6126_4,hydro,29011,10000,0,0,0,0,0,0,0,0
PP_6126_5,hydro,29011,10000,0,0,0,0,0,0,0,0
PP_6126_6,hydro,29011,10000,0,0,0,0,0,0,0,0
PP_6126_7,hydro,29011,10000,0,0,0,0,0,0,0,0
PP_6126_8,hydro,29011,10000,0,0,0,0,0,0,0,0
PP_6438_1,hydro,1063,10000,0,0,0,0,0,0,0,0
PP_6517_1,hydro,29228,10000,0,0,0,0,0,0,0,0
PP_6517_2,hydro,29228,10000,0,0,0,0,0,0,0,0
PP_7125_1,hydro,7797,10000,0,0,0,0,0,0,0,0
PP_7125_2,hydro,7797,10000,0,0,0,0,0,0,0,0
PP_7125_3,hydro,7797,10000,0,0,0,0,0,0,0,0
PP_7125_4,hydro,7797,10000,0,0,0,0,0,0,0,0
PP_3251_2,nuc,6705,10000,0,0,0,0,0,0,0,0
PP_3265_1,nuc,29228,10000,0,0,0,0,0,0,0,0
PP_3265_2,nuc,29228,10000,0,0,0,0,0,0,0,0
PP_3265_3,nuc,29228,10000,0,0,0,0,0,0,0,0
PP_6014_1,nuc,18689,10000,0,0,0,0,0,0,0,0
PP_6014_2,nuc,18689,10000,0,0,0,0,0,0,0,0
PP_6015_1,nuc,319,10000,0,0,0,0,0,0,0,0
PP_6036_1,nuc,28505,10000,0,0,0,0,0,0,0,0
PP_6036_2,nuc,28505,10000,0,0,0,0,0,0,0,0
PP_6038_1,nuc,6652,10000,0,0,0,0,0,0,0,0
PP_6038_2,nuc,6652,10000,0,0,0,0,0,0,0,0
PP_6127_1,nuc,29011,10000,0,0,0,0,0,0,0,0
oil_10017,oil,10017,4,18,1.52,2,3.344090542,280,4,1,1
oil_13843,oil,13843,1.8,18,0.684,2,1.504840744,126,1.8,1,1
oil_14301,oil,14301,1.3,149,0.494,2,8.996532471,91,1.3,1,1
oil_14508,oil,14508,1.3,18,0.494,2,1.086829426,91,1.3,1,1
oil_14783,oil,14783,1.8,23.69230769,0.684,2,1.980730551,126,1.8,1,1
oil_15511,oil,15511,1,8.11,0.38,2,0.753349286,70,1,1,1
oil_15630,oil,15630,3.6,18.22,1.368,2,3.046466483,252,3.6,1,1
oil_15641,oil,15641,3.6,8.11,1.368,2,1.356028715,252,3.6,1,1
oil_15692,oil,15692,5.4,16.882,2.052,2,4.234120239,378,5.4,1,1
oil_15782,oil,15782,1.8,17.722,0.684,2,1.481599314,126,1.8,1,1
oil_17246,oil,17246,2.9,10.32,1.102,2,1.390026968,203,2.9,1,1
oil_18302,oil,18302,5.8,10.232,2.204,2,2.756348051,406,5.8,1,1
oil_18690,oil,18690,2.2,20.745,0.836,2,2.119735392,154,2.2,1,1
oil_21285,oil,21285,2.2,18,0.836,2,1.839249798,154,2.2,1,1
oil_23782,oil,23782,9.2,10.79482,3.496,2,4.612631531,644,9.2,1,1
oil_28471,oil,28471,2.2,18,0.836,2,1.839249798,154,2.2,1,1
oil_28504,oil,28504,5.8,10.2143,2.204,2,2.751579935,406,5.8,1,1
oil_29228,oil,29228,10.9,9.524,4.142,2,5.706300365,763,10.9,1,1
oil_8325,oil,8325,2.9,9.524,1.102,2,5.706300365,203,2.9,1,1
oil_29477,oil,29477,2.2,8.11,0.836,2,0.828684214,154,2.2,1,1
oil_30212,oil,30212,2.2,18.962,0.836,2,1.937547482,154,2.2,1,1
oil_31224,oil,31224,1.8,8.11,0.684,2,0.678014357,126,1.8,1,1
oil_4459,oil,4459,1.8,18,0.684,2,1.504840744,126,1.8,1,1
oil_4475,oil,4475,1.8,10.3333,0.684,2,0.86388727,126,1.8,1,1
oil_4478,oil,4478,12.6,12.731,4.788,2,7.45038292,882,12.6,1,1
oil_4496,oil,4496,1.8,8.11,0.684,2,0.678014357,126,1.8,1,1
oil_4517,oil,4517,24.1,15.7987,9.158,2,17.68413925,1687,24.1,1,1
oil_6954,oil,6954,1.8,8.11,0.684,2,0.678014357,126,1.8,1,1
oil_7031,oil,7031,5.4,9.546,2.052,2,4.788403247,378,5.4,1,1
oil_7041,oil,7041,11,13.165,4.18,2,6.72603433,770,11,1,1
PP_2716_GT1,oil,28662,39.7,49.05,15.086,2,90.44301876,2779,39.7,1,1
PP_2716_GT2,oil,28662,39.7,51.191,15.086,2,94.3907966,2779,39.7,1,1
PP_2716_GT3,oil,28662,41.8,49.719,15.884,2,96.52597519,2926,41.8,1,1
PP_2716_GT4,oil,28662,41.8,54.803,15.884,2,106.396207,2926,41.8,1,1
PP_3320_1,oil,9900,11.5,18.3971,4.37,2,9.826361572,805,11.5,1,1
PP_3320_2,oil,9900,11.5,18.3971,4.37,2,9.826361572,805,11.5,1,1
PP_3320_3,oil,9900,26.6,56.959,10.108,2,70.37031964,1862,26.6,1,1
PP_3320_4,oil,9900,26.6,18.3971,10.108,2,22.72880155,1862,26.6,1,1
PP_3320_5,oil,9900,35.3,15.189,13.414,2,24.90287098,2471,35.3,1,1
PP_50555_GEN1,oil,10054,86,18,32.68,2,71.89794665,6020,86,1,1
PP_50555_GEN2,oil,10054,40,18,15.2,2,33.44090542,2800,40,1,1
PP_50555_GEN3,oil,10054,54,18,20.52,2,45.14522231,3780,54,1,1
n_10002_solar,solar,10002,10000,0,0,0,0,0,0,0,0
n_10009_solar,solar,10009,10000,0,0,0,0,0,0,0,0
n_10012_solar,solar,10012,10000,0,0,0,0,0,0,0,0
n_10014_solar,solar,10014,10000,0,0,0,0,0,0,0,0
n_10015_solar,solar,10015,10000,0,0,0,0,0,0,0,0
n_10017_solar,solar,10017,10000,0,0,0,0,0,0,0,0
n_10039_solar,solar,10039,10000,0,0,0,0,0,0,0,0
n_10045_solar,solar,10045,10000,0,0,0,0,0,0,0,0
n_10051_solar,solar,10051,10000,0,0,0,0,0,0,0,0
n_10052_solar,solar,10052,10000,0,0,0,0,0,0,0,0
n_10053_solar,solar,10053,10000,0,0,0,0,0,0,0,0
n_10054_solar,solar,10054,10000,0,0,0,0,0,0,0,0
n_10058_solar,solar,10058,10000,0,0,0,0,0,0,0,0
n_10584_solar,solar,10584,10000,0,0,0,0,0,0,0,0
n_10707_solar,solar,10707,10000,0,0,0,0,0,0,0,0
n_11731_solar,solar,11731,10000,0,0,0,0,0,0,0,0
n_11742_solar,solar,11742,10000,0,0,0,0,0,0,0,0
n_12414_solar,solar,12414,10000,0,0,0,0,0,0,0,0
n_12417_solar,solar,12417,10000,0,0,0,0,0,0,0,0
n_13956_solar,solar,13956,10000,0,0,0,0,0,0,0,0
n_14001_solar,solar,14001,10000,0,0,0,0,0,0,0,0
n_14031_solar,solar,14031,10000,0,0,0,0,0,0,0,0
n_14258_solar,solar,14258,10000,0,0,0,0,0,0,0,0
n_14577_solar,solar,14577,10000,0,0,0,0,0,0,0,0
n_14593_solar,solar,14593,10000,0,0,0,0,0,0,0,0
n_14626_solar,solar,14626,10000,0,0,0,0,0,0,0,0
n_1517_solar,solar,1517,10000,0,0,0,0,0,0,0,0
n_15226_solar,solar,15226,10000,0,0,0,0,0,0,0,0
n_15511_solar,solar,15511,10000,0,0,0,0,0,0,0,0
n_15512_solar,solar,15512,10000,0,0,0,0,0,0,0,0
n_15622_solar,solar,15622,10000,0,0,0,0,0,0,0,0
n_15630_solar,solar,15630,10000,0,0,0,0,0,0,0,0
n_15632_solar,solar,15632,10000,0,0,0,0,0,0,0,0
n_15664_solar,solar,15664,10000,0,0,0,0,0,0,0,0
n_15689_solar,solar,15689,10000,0,0,0,0,0,0,0,0
n_15690_solar,solar,15690,10000,0,0,0,0,0,0,0,0
n_15691_solar,solar,15691,10000,0,0,0,0,0,0,0,0
n_15692_solar,solar,15692,10000,0,0,0,0,0,0,0,0
n_1575_solar,solar,1575,10000,0,0,0,0,0,0,0,0
n_15775_solar,solar,15775,10000,0,0,0,0,0,0,0,0
n_15777_solar,solar,15777,10000,0,0,0,0,0,0,0,0
n_15782_solar,solar,15782,10000,0,0,0,0,0,0,0,0
n_16281_solar,solar,16281,10000,0,0,0,0,0,0,0,0
n_16404_solar,solar,16404,10000,0,0,0,0,0,0,0,0
n_16911_solar,solar,16911,10000,0,0,0,0,0,0,0,0
n_17072_solar,solar,17072,10000,0,0,0,0,0,0,0,0
n_17163_solar,solar,17163,10000,0,0,0,0,0,0,0,0
n_18277_solar,solar,18277,10000,0,0,0,0,0,0,0,0
n_18283_solar,solar,18283,10000,0,0,0,0,0,0,0,0
n_18296_solar,solar,18296,10000,0,0,0,0,0,0,0,0
n_18302_solar,solar,18302,10000,0,0,0,0,0,0,0,0
n_1850_solar,solar,1850,10000,0,0,0,0,0,0,0,0
n_1851_solar,solar,1851,10000,0,0,0,0,0,0,0,0
n_18688_solar,solar,18688,10000,0,0,0,0,0,0,0,0
n_18693_solar,solar,18693,10000,0,0,0,0,0,0,0,0
n_18696_solar,solar,18696,10000,0,0,0,0,0,0,0,0
n_18698_solar,solar,18698,10000,0,0,0,0,0,0,0,0
n_18710_solar,solar,18710,10000,0,0,0,0,0,0,0,0
n_18866_solar,solar,18866,10000,0,0,0,0,0,0,0,0
n_18868_solar,solar,18868,10000,0,0,0,0,0,0,0,0
n_18870_solar,solar,18870,10000,0,0,0,0,0,0,0,0
n_1924_solar,solar,1924,10000,0,0,0,0,0,0,0,0
n_22541_solar,solar,22541,10000,0,0,0,0,0,0,0,0
n_22589_solar,solar,22589,10000,0,0,0,0,0,0,0,0
n_22591_solar,solar,22591,10000,0,0,0,0,0,0,0,0
n_22592_solar,solar,22592,10000,0,0,0,0,0,0,0,0
n_22602_solar,solar,22602,10000,0,0,0,0,0,0,0,0
n_22612_solar,solar,22612,10000,0,0,0,0,0,0,0,0
n_22818_solar,solar,22818,10000,0,0,0,0,0,0,0,0
n_23599_solar,solar,23599,10000,0,0,0,0,0,0,0,0
n_23600_solar,solar,23600,10000,0,0,0,0,0,0,0,0
n_23772_solar,solar,23772,10000,0,0,0,0,0,0,0,0
n_23776_solar,solar,23776,10000,0,0,0,0,0,0,0,0
n_23777_solar,solar,23777,10000,0,0,0,0,0,0,0,0
n_23779_solar,solar,23779,10000,0,0,0,0,0,0,0,0
n_23782_solar,solar,23782,10000,0,0,0,0,0,0,0,0
n_23786_solar,solar,23786,10000,0,0,0,0,0,0,0,0
n_23789_solar,solar,23789,10000,0,0,0,0,0,0,0,0
n_23790_solar,solar,23790,10000,0,0,0,0,0,0,0,0
n_23792_solar,solar,23792,10000,0,0,0,0,0,0,0,0
n_23793_solar,solar,23793,10000,0,0,0,0,0,0,0,0
n_23819_solar,solar,23819,10000,0,0,0,0,0,0,0,0
n_23847_solar,solar,23847,10000,0,0,0,0,0,0,0,0
n_23848_solar,solar,23848,10000,0,0,0,0,0,0,0,0
n_23849_solar,solar,23849,10000,0,0,0,0,0,0,0,0
n_28211_solar,solar,28211,10000,0,0,0,0,0,0,0,0
n_28295_solar,solar,28295,10000,0,0,0,0,0,0,0,0
n_28296_solar,solar,28296,10000,0,0,0,0,0,0,0,0
n_28298_solar,solar,28298,10000,0,0,0,0,0,0,0,0
n_28303_solar,solar,28303,10000,0,0,0,0,0,0,0,0
n_28601_solar,solar,28601,10000,0,0,0,0,0,0,0,0
n_28635_solar,solar,28635,10000,0,0,0,0,0,0,0,0
n_28662_solar,solar,28662,10000,0,0,0,0,0,0,0,0
n_28666_solar,solar,28666,10000,0,0,0,0,0,0,0,0
n_28671_solar,solar,28671,10000,0,0,0,0,0,0,0,0
n_28698_solar,solar,28698,10000,0,0,0,0,0,0,0,0
n_28700_solar,solar,28700,10000,0,0,0,0,0,0,0,0
n_28710_solar,solar,28710,10000,0,0,0,0,0,0,0,0
n_28719_solar,solar,28719,10000,0,0,0,0,0,0,0,0
n_28766_solar,solar,28766,10000,0,0,0,0,0,0,0,0
n_28842_solar,solar,28842,10000,0,0,0,0,0,0,0,0
n_28946_solar,solar,28946,10000,0,0,0,0,0,0,0,0
n_28953_solar,solar,28953,10000,0,0,0,0,0,0,0,0
n_28954_solar,solar,28954,10000,0,0,0,0,0,0,0,0
n_28990_solar,solar,28990,10000,0,0,0,0,0,0,0,0
n_28995_solar,solar,28995,10000,0,0,0,0,0,0,0,0
n_28996_solar,solar,28996,10000,0,0,0,0,0,0,0,0
n_28998_solar,solar,28998,10000,0,0,0,0,0,0,0,0
n_28999_solar,solar,28999,10000,0,0,0,0,0,0,0,0
n_29001_solar,solar,29001,10000,0,0,0,0,0,0,0,0
n_29016_solar,solar,29016,10000,0,0,0,0,0,0,0,0
n_29017_solar,solar,29017,10000,0,0,0,0,0,0,0,0
n_29018_solar,solar,29018,10000,0,0,0,0,0,0,0,0
n_29019_solar,solar,29019,10000,0,0,0,0,0,0,0,0
n_29024_solar,solar,29024,10000,0,0,0,0,0,0,0,0
n_29262_solar,solar,29262,10000,0,0,0,0,0,0,0,0
n_29477_solar,solar,29477,10000,0,0,0,0,0,0,0,0
n_29661_solar,solar,29661,10000,0,0,0,0,0,0,0,0
n_29803_solar,solar,29803,10000,0,0,0,0,0,0,0,0
n_29979_solar,solar,29979,10000,0,0,0,0,0,0,0,0
n_29983_solar,solar,29983,10000,0,0,0,0,0,0,0,0
n_30412_solar,solar,30412,10000,0,0,0,0,0,0,0,0
n_30413_solar,solar,30413,10000,0,0,0,0,0,0,0,0
n_30415_solar,solar,30415,10000,0,0,0,0,0,0,0,0
n_30421_solar,solar,30421,10000,0,0,0,0,0,0,0,0
n_30852_solar,solar,30852,10000,0,0,0,0,0,0,0,0
n_31010_solar,solar,31010,10000,0,0,0,0,0,0,0,0
n_31027_solar,solar,31027,10000,0,0,0,0,0,0,0,0
n_324_solar,solar,324,10000,0,0,0,0,0,0,0,0
n_333_solar,solar,333,10000,0,0,0,0,0,0,0,0
n_340_solar,solar,340,10000,0,0,0,0,0,0,0,0
n_3484_solar,solar,3484,10000,0,0,0,0,0,0,0,0
n_4099_solar,solar,4099,10000,0,0,0,0,0,0,0,0
n_4473_solar,solar,4473,10000,0,0,0,0,0,0,0,0
n_4475_solar,solar,4475,10000,0,0,0,0,0,0,0,0
n_4484_solar,solar,4484,10000,0,0,0,0,0,0,0,0
n_4496_solar,solar,4496,10000,0,0,0,0,0,0,0,0
n_4517_solar,solar,4517,10000,0,0,0,0,0,0,0,0
n_4521_solar,solar,4521,10000,0,0,0,0,0,0,0,0
n_4536_solar,solar,4536,10000,0,0,0,0,0,0,0,0
n_6400_solar,solar,6400,10000,0,0,0,0,0,0,0,0
n_6402_solar,solar,6402,10000,0,0,0,0,0,0,0,0
n_6403_solar,solar,6403,10000,0,0,0,0,0,0,0,0
n_6404_solar,solar,6404,10000,0,0,0,0,0,0,0,0
n_10123_solar,solar,10123,10000,0,0,0,0,0,0,0,0
n_6650_solar,solar,6650,10000,0,0,0,0,0,0,0,0
n_6651_solar,solar,6651,10000,0,0,0,0,0,0,0,0
n_6655_solar,solar,6655,10000,0,0,0,0,0,0,0,0
n_6658_solar,solar,6658,10000,0,0,0,0,0,0,0,0
n_6661_solar,solar,6661,10000,0,0,0,0,0,0,0,0
n_6663_solar,solar,6663,10000,0,0,0,0,0,0,0,0
n_6665_solar,solar,6665,10000,0,0,0,0,0,0,0,0
n_6670_solar,solar,6670,10000,0,0,0,0,0,0,0,0
n_6677_solar,solar,6677,10000,0,0,0,0,0,0,0,0
n_6679_solar,solar,6679,10000,0,0,0,0,0,0,0,0
n_6680_solar,solar,6680,10000,0,0,0,0,0,0,0,0
n_6682_solar,solar,6682,10000,0,0,0,0,0,0,0,0
n_6684_solar,solar,6684,10000,0,0,0,0,0,0,0,0
n_6685_solar,solar,6685,10000,0,0,0,0,0,0,0,0
n_6692_solar,solar,6692,10000,0,0,0,0,0,0,0,0
n_6696_solar,solar,6696,10000,0,0,0,0,0,0,0,0
n_6700_solar,solar,6700,10000,0,0,0,0,0,0,0,0
n_6888_solar,solar,6888,10000,0,0,0,0,0,0,0,0
n_6890_solar,solar,6890,10000,0,0,0,0,0,0,0,0
n_6892_solar,solar,6892,10000,0,0,0,0,0,0,0,0
n_6893_solar,solar,6893,10000,0,0,0,0,0,0,0,0
n_6895_solar,solar,6895,10000,0,0,0,0,0,0,0,0
n_6897_solar,solar,6897,10000,0,0,0,0,0,0,0,0
n_6900_solar,solar,6900,10000,0,0,0,0,0,0,0,0
n_6901_solar,solar,6901,10000,0,0,0,0,0,0,0,0
n_6902_solar,solar,6902,10000,0,0,0,0,0,0,0,0
n_6903_solar,solar,6903,10000,0,0,0,0,0,0,0,0
n_6904_solar,solar,6904,10000,0,0,0,0,0,0,0,0
n_6906_solar,solar,6906,10000,0,0,0,0,0,0,0,0
n_6907_solar,solar,6907,10000,0,0,0,0,0,0,0,0
n_6964_solar,solar,6964,10000,0,0,0,0,0,0,0,0
n_6965_solar,solar,6965,10000,0,0,0,0,0,0,0,0
n_6969_solar,solar,6969,10000,0,0,0,0,0,0,0,0
n_6972_solar,solar,6972,10000,0,0,0,0,0,0,0,0
n_6974_solar,solar,6974,10000,0,0,0,0,0,0,0,0
n_6977_solar,solar,6977,10000,0,0,0,0,0,0,0,0
n_6978_solar,solar,6978,10000,0,0,0,0,0,0,0,0
n_7014_solar,solar,7014,10000,0,0,0,0,0,0,0,0
n_7026_solar,solar,7026,10000,0,0,0,0,0,0,0,0
n_7031_solar,solar,7031,10000,0,0,0,0,0,0,0,0
n_7041_solar,solar,7041,10000,0,0,0,0,0,0,0,0
n_7049_solar,solar,7049,10000,0,0,0,0,0,0,0,0
n_7062_solar,solar,7062,10000,0,0,0,0,0,0,0,0
n_7069_solar,solar,7069,10000,0,0,0,0,0,0,0,0
n_7089_solar,solar,7089,10000,0,0,0,0,0,0,0,0
n_7557_solar,solar,7557,10000,0,0,0,0,0,0,0,0
n_7559_solar,solar,7559,10000,0,0,0,0,0,0,0,0
n_7597_solar,solar,7597,10000,0,0,0,0,0,0,0,0
n_7618_solar,solar,7618,10000,0,0,0,0,0,0,0,0
n_7619_solar,solar,7619,10000,0,0,0,0,0,0,0,0
n_7700_solar,solar,7700,10000,0,0,0,0,0,0,0,0
n_1063_solar,solar,1063,10000,0,0,0,0,0,0,0,0
n_9412_solar,solar,9412,10000,0,0,0,0,0,0,0,0
n_9418_solar,solar,9418,10000,0,0,0,0,0,0,0,0
n_9419_solar,solar,9419,10000,0,0,0,0,0,0,0,0
n_9426_solar,solar,9426,10000,0,0,0,0,0,0,0,0
n_9441_solar,solar,9441,10000,0,0,0,0,0,0,0,0
n_9454_solar,solar,9454,10000,0,0,0,0,0,0,0,0
n_9479_solar,solar,9479,10000,0,0,0,0,0,0,0,0
n_9480_solar,solar,9480,10000,0,0,0,0,0,0,0,0
n_9488_solar,solar,9488,10000,0,0,0,0,0,0,0,0
n_9508_solar,solar,9508,10000,0,0,0,0,0,0,0,0
n_9820_solar,solar,9820,10000,0,0,0,0,0,0,0,0
n_9821_solar,solar,9821,10000,0,0,0,0,0,0,0,0
n_9822_solar,solar,9822,10000,0,0,0,0,0,0,0,0
n_9836_solar,solar,9836,10000,0,0,0,0,0,0,0,0
n_9837_solar,solar,9837,10000,0,0,0,0,0,0,0,0
n_9838_solar,solar,9838,10000,0,0,0,0,0,0,0,0
n_9839_solar,solar,9839,10000,0,0,0,0,0,0,0,0
n_9840_solar,solar,9840,10000,0,0,0,0,0,0,0,0
n_9841_solar,solar,9841,10000,0,0,0,0,0,0,0,0
n_9846_solar,solar,9846,10000,0,0,0,0,0,0,0,0
n_9848_solar,solar,9848,10000,0,0,0,0,0,0,0,0
n_9849_solar,solar,9849,10000,0,0,0,0,0,0,0,0
n_9850_solar,solar,9850,10000,0,0,0,0,0,0,0,0
n_9851_solar,solar,9851,10000,0,0,0,0,0,0,0,0
n_9852_solar,solar,9852,10000,0,0,0,0,0,0,0,0
n_9854_solar,solar,9854,10000,0,0,0,0,0,0,0,0
n_9858_solar,solar,9858,10000,0,0,0,0,0,0,0,0
n_9859_solar,solar,9859,10000,0,0,0,0,0,0,0,0
n_9862_solar,solar,9862,10000,0,0,0,0,0,0,0,0
n_9864_solar,solar,9864,10000,0,0,0,0,0,0,0,0
n_9867_solar,solar,9867,10000,0,0,0,0,0,0,0,0
n_9868_solar,solar,9868,10000,0,0,0,0,0,0,0,0
n_9869_solar,solar,9869,10000,0,0,0,0,0,0,0,0
n_9870_solar,solar,9870,10000,0,0,0,0,0,0,0,0
n_9871_solar,solar,9871,10000,0,0,0,0,0,0,0,0
n_9872_solar,solar,9872,10000,0,0,0,0,0,0,0,0
n_9873_solar,solar,9873,10000,0,0,0,0,0,0,0,0
n_9874_solar,solar,9874,10000,0,0,0,0,0,0,0,0
n_9876_solar,solar,9876,10000,0,0,0,0,0,0,0,0
n_9877_solar,solar,9877,10000,0,0,0,0,0,0,0,0
n_9881_solar,solar,9881,10000,0,0,0,0,0,0,0,0
n_9883_solar,solar,9883,10000,0,0,0,0,0,0,0,0
n_9886_solar,solar,9886,10000,0,0,0,0,0,0,0,0
n_9887_solar,solar,9887,10000,0,0,0,0,0,0,0,0
n_9929_solar,solar,9929,10000,0,0,0,0,0,0,0,0
n_9930_solar,solar,9930,10000,0,0,0,0,0,0,0,0
n_9941_solar,solar,9941,10000,0,0,0,0,0,0,0,0
n_9945_solar,solar,9945,10000,0,0,0,0,0,0,0,0
n_9948_solar,solar,9948,10000,0,0,0,0,0,0,0,0
n_9967_solar,solar,9967,10000,0,0,0,0,0,0,0,0
n_9968_solar,solar,9968,10000,0,0,0,0,0,0,0,0
n_998_solar,solar,998,10000,0,0,0,0,0,0,0,0
n_9994_solar,solar,9994,10000,0,0,0,0,0,0,0,0
n_9995_solar,solar,9995,10000,0,0,0,0,0,0,0,0
n_6699_solar,solar,6699,10000,0,0,0,0,0,0,0,0
n_18697_solar,solar,18697,10000,0,0,0,0,0,0,0,0
n_22427_solar,solar,22427,10000,0,0,0,0,0,0,0,0
n_29953_solar,solar,29953,10000,0,0,0,0,0,0,0,0
n_9986_solar,solar,9986,10000,0,0,0,0,0,0,0,0
PP_ng1,ngcc,7619,351.5189589,13.31,133.5772044,3.17,665.3095553,24606.32712,351.5189589,6,6
PP_ng2,ngcc,7619,111.3753646,12.3847,42.32263855,3.17,196.1424437,7796.275523,111.3753646,6,6
PP_ng3,ngcc,28665,291.7119138,10.18051779,110.8505273,3.17,422.299907,20419.83397,291.7119138,6,6
PP_ng4,ngcc,28665,291.7119138,10.20180861,110.8505273,3.17,423.1830754,20419.83397,291.7119138,6,6
PP_ng7,ngcc,28665,156.8409244,7.022,59.59955128,3.17,156.6091638,10978.86471,156.8409244,6,6
PP_ng8,ngcc,28665,156.8409244,7.022,59.59955128,3.17,156.6091638,10978.86471,156.8409244,6,6
PP_ng9_1,ngcc,31267,226.6666667,11.70664028,86.13333333,3.17,754.6522641,15866.66667,226.6666667,6,6
PP_ng10_1,ngcc,31267,226.6666667,11.41271849,86.13333333,3.17,735.7050052,15866.66667,226.6666667,6,6
PP_ng11_1,ngct,31267,850,6.93533071,323,3.17,434.6995936,59500,850,1,1
PP_ng9_2,ngcc,31267,226.6666667,11.70664028,86.13333333,3.17,754.6522641,15866.66667,226.6666667,6,6
PP_ng9_3,ngcc,31267,226.6666667,11.70664028,86.13333333,3.17,754.6522641,15866.66667,226.6666667,6,6
PP_ng10_2,ngcc,31267,226.6666667,11.41271849,86.13333333,3.17,735.7050052,15866.66667,226.6666667,6,6
PP_ng10_3,ngcc,31267,226.6666667,11.41271849,86.13333333,3.17,735.7050052,15866.66667,226.6666667,6,6
PP_ng11_2,ngct,31267,850,6.93533071,323,3.17,434.6995936,59500,850,1,1
n_10013_solar,solar,10013,10000,0,0,0,0,0,0,0,0
n_1069_solar,solar,1069,10000,0,0,0,0,0,0,0,0
n_15847_solar,solar,15847,10000,0,0,0,0,0,0,0,0
n_18262_solar,solar,18262,10000,0,0,0,0,0,0,0,0
n_18310_solar,solar,18310,10000,0,0,0,0,0,0,0,0
n_23766_solar,solar,23766,10000,0,0,0,0,0,0,0,0
n_23805_solar,solar,23805,10000,0,0,0,0,0,0,0,0
n_28504_solar,solar,28504,10000,0,0,0,0,0,0,0,0
n_28505_solar,solar,28505,10000,0,0,0,0,0,0,0,0
n_28663_solar,solar,28663,10000,0,0,0,0,0,0,0,0
n_29005_solar,solar,29005,10000,0,0,0,0,0,0,0,0
n_30343_solar,solar,30343,10000,0,0,0,0,0,0,0,0
n_30401_solar,solar,30401,10000,0,0,0,0,0,0,0,0
n_4478_solar,solar,4478,10000,0,0,0,0,0,0,0,0
n_6687_solar,solar,6687,10000,0,0,0,0,0,0,0,0
n_7797_solar,solar,7797,10000,0,0,0,0,0,0,0,0
n_8330_solar,solar,8330,10000,0,0,0,0,0,0,0,0
n_8337_solar,solar,8337,10000,0,0,0,0,0,0,0,0
n_9845_solar,solar,9845,10000,0,0,0,0,0,0,0,0
n_9855_solar,solar,9855,10000,0,0,0,0,0,0,0,0
n_9903_solar,solar,9903,10000,0,0,0,0,0,0,0,0
n_9908_solar,solar,9908,10000,0,0,0,0,0,0,0,0
n_9927_solar,solar,9927,10000,0,0,0,0,0,0,0,0
n_9928_solar,solar,9928,10000,0,0,0,0,0,0,0,0
n_1063_wind,wind,1063,10000,0,0,0,0,0,0,0,0
n_12414_wind,wind,12414,10000,0,0,0,0,0,0,0,0
n_13300_wind,wind,13300,10000,0,0,0,0,0,0,0,0
n_13721_wind,wind,13721,10000,0,0,0,0,0,0,0,0
n_14502_wind,wind,14502,10000,0,0,0,0,0,0,0,0
n_14626_wind,wind,14626,10000,0,0,0,0,0,0,0,0
n_15692_wind,wind,15692,10000,0,0,0,0,0,0,0,0
n_1572_wind,wind,1572,10000,0,0,0,0,0,0,0,0
n_1575_wind,wind,1575,10000,0,0,0,0,0,0,0,0
n_18137_wind,wind,18137,10000,0,0,0,0,0,0,0,0
n_18277_wind,wind,18277,10000,0,0,0,0,0,0,0,0
n_18278_wind,wind,18278,10000,0,0,0,0,0,0,0,0
n_18280_wind,wind,18280,10000,0,0,0,0,0,0,0,0
n_18293_wind,wind,18293,10000,0,0,0,0,0,0,0,0
n_18297_wind,wind,18297,10000,0,0,0,0,0,0,0,0
n_18298_wind,wind,18298,10000,0,0,0,0,0,0,0,0
n_18299_wind,wind,18299,10000,0,0,0,0,0,0,0,0
n_18310_wind,wind,18310,10000,0,0,0,0,0,0,0,0
n_1850_wind,wind,1850,10000,0,0,0,0,0,0,0,0
n_18705_wind,wind,18705,10000,0,0,0,0,0,0,0,0
n_18865_wind,wind,18865,10000,0,0,0,0,0,0,0,0
n_18992_wind,wind,18992,10000,0,0,0,0,0,0,0,0
n_22541_wind,wind,22541,10000,0,0,0,0,0,0,0,0
n_22779_wind,wind,22779,10000,0,0,0,0,0,0,0,0
n_23815_wind,wind,23815,10000,0,0,0,0,0,0,0,0
n_23853_wind,wind,23853,10000,0,0,0,0,0,0,0,0
n_28211_wind,wind,28211,10000,0,0,0,0,0,0,0,0
n_28509_wind,wind,28509,10000,0,0,0,0,0,0,0,0
n_28601_wind,wind,28601,10000,0,0,0,0,0,0,0,0
n_28617_wind,wind,28617,10000,0,0,0,0,0,0,0,0
n_28667_wind,wind,28667,10000,0,0,0,0,0,0,0,0
n_28702_wind,wind,28702,10000,0,0,0,0,0,0,0,0
n_28703_wind,wind,28703,10000,0,0,0,0,0,0,0,0
n_28710_wind,wind,28710,10000,0,0,0,0,0,0,0,0
n_29019_wind,wind,29019,10000,0,0,0,0,0,0,0,0
n_29255_wind,wind,29255,10000,0,0,0,0,0,0,0,0
n_30061_wind,wind,30061,10000,0,0,0,0,0,0,0,0
n_30065_wind,wind,30065,10000,0,0,0,0,0,0,0,0
n_30066_wind,wind,30066,10000,0,0,0,0,0,0,0,0
n_30086_wind,wind,30086,10000,0,0,0,0,0,0,0,0
n_30421_wind,wind,30421,10000,0,0,0,0,0,0,0,0
n_30941_wind,wind,30941,10000,0,0,0,0,0,0,0,0
n_31016_wind,wind,31016,10000,0,0,0,0,0,0,0,0
n_322_wind,wind,322,10000,0,0,0,0,0,0,0,0
n_3485_wind,wind,3485,10000,0,0,0,0,0,0,0,0
n_6048_wind,wind,6048,10000,0,0,0,0,0,0,0,0
n_6654_wind,wind,6654,10000,0,0,0,0,0,0,0,0
n_6682_wind,wind,6682,10000,0,0,0,0,0,0,0,0
n_6699_wind,wind,6699,10000,0,0,0,0,0,0,0,0
n_6953_wind,wind,6953,10000,0,0,0,0,0,0,0,0
n_6956_wind,wind,6956,10000,0,0,0,0,0,0,0,0
n_6964_wind,wind,6964,10000,0,0,0,0,0,0,0,0
n_6972_wind,wind,6972,10000,0,0,0,0,0,0,0,0
n_6977_wind,wind,6977,10000,0,0,0,0,0,0,0,0
n_6984_wind,wind,6984,10000,0,0,0,0,0,0,0,0
n_6986_wind,wind,6986,10000,0,0,0,0,0,0,0,0
n_7011_wind,wind,7011,10000,0,0,0,0,0,0,0,0
n_7014_wind,wind,7014,10000,0,0,0,0,0,0,0,0
n_7031_wind,wind,7031,10000,0,0,0,0,0,0,0,0
n_7041_wind,wind,7041,10000,0,0,0,0,0,0,0,0
n_7069_wind,wind,7069,10000,0,0,0,0,0,0,0,0
n_7555_wind,wind,7555,10000,0,0,0,0,0,0,0,0
n_7557_wind,wind,7557,10000,0,0,0,0,0,0,0,0
n_7559_wind,wind,7559,10000,0,0,0,0,0,0,0,0
n_7797_wind,wind,7797,10000,0,0,0,0,0,0,0,0
n_8318_wind,wind,8318,10000,0,0,0,0,0,0,0,0
n_9859_wind,wind,9859,10000,0,0,0,0,0,0,0,0
n_9893_wind,wind,9893,10000,0,0,0,0,0,0,0,0
n_9939_wind,wind,9939,10000,0,0,0,0,0,0,0,0
n_9971_wind,wind,9971,10000,0,0,0,0,0,0,0,0
n_9986_wind,wind,9986,10000,0,0,0,0,0,0,0,0
n_10123_wind,wind,10123,10000,0,0,0,0,0,0,0,0
n_28951_wind,wind,28951,10000,0,0,0,0,0,0,0,0
n_4452_wind,wind,4452,10000,0,0,0,0,0,0,0,0
n_6690_wind,wind,6690,10000,0,0,0,0,0,0,0,0
n_9864_wind,wind,9864,10000,0,0,0,0,0,0,0,0
n_9908_wind,wind,9908,10000,0,0,0,0,0,0,0,0