line,reactance,limit
n_6660_n_6682,5.198028607,862.7417025
n_6678_n_6682,5.787457855,804.4743053
n_28667_n_6682,2.830885129,1281.416699
n_6967_n_6682,4.1808553,994.1413959
n_6682_n_7011,4.022579189,1019.434357
n_2415_n_6402,0.99494993,2531.180781
n_6382_n_6384,0.518118427,1201.902335
n_9876_n_18868,1.028713774,769.0573513
n_30301_n_20153,0.158510166,2598.515412
n_18303_n_18301,0.32869496,1616.330658
n_14283_n_29239,0.053799569,5250.800097
n_18285_n_23854,6.918720078,716.2011144
n_9887_n_15226,2.844684194,396.6306852
n_28703_n_28702,3.320743597,358.6231114
n_18301_n_18304,0.431736317,1353.42809
n_10013_n_23846,1.947433731,1634.750776
n_23782_n_9480,9.377025534,587.5940413
n_9874_n_17072,1.476147748,607.9375442
n_30398_n_30399,7.590210315,209.3713498
n_6131_n_2416,2.393586656,1429.324251
n_29016_n_23792,7.027544898,708.9614155
n_9842_n_9845,9.681942097,575.4799366
n_21559_n_21560,0.240239933,1982.268406
n_9851_n_23776,1.189059227,2253.898176
n_4477_n_28505,6.53367271,743.4030022
n_9956_n_30062,0.878928075,852.0181779
n_6902_n_7700,6.360066398,234.9140266
n_15826_n_31016,4.265787142,304.6723317
n_319_n_29015,1.859011692,1684.958083
n_28504_n_18302,13.5363573,462.6835768
n_9851_n_30518,1.106060073,2362.608807
n_6676_n_22544,0.118046333,10138.77732
n_23598_n_28945,4.93098108,892.8780782
n_18283_n_30400,1.048461946,759.5960422
n_7067_n_9824,0.547532604,3734.10789
n_9419_n_6664,8.266774207,637.8315196
n_9487_n_18868,2.197932771,469.1493358
n_322_n_7566,1.357829608,2067.328485
n_319_n_6894,2.269159045,1479.870417
n_14001_n_14015,1.491401197,603.8825381
n_23775_n_9848,0.276140617,5830.636171
n_20895_n_29873,1.435176146,1994.097882
n_15511_n_15512,2.516714425,429.5558017
n_9904_n_9910,1.172527934,2274.534666
n_6709_n_6711,2.949000839,387.4397053
n_14496_n_26258,0.208580666,2173.276962
n_9839_n_9840,4.356670777,967.8365628
n_26271_n_26273,0.041866033,6182.020495
n_28663_n_28673,1.29409179,2133.057162
n_26269_n_28302,0.81827133,892.6193928
n_7590_n_19223,0.078094739,13267.67984
n_14522_n_28305,0.069945247,4426.137366
n_26273_n_26276,0.026168401,8394.397614
n_6700_n_6703,1.286265052,2141.497769
n_29973_n_6897,8.549678089,624.0113175
n_20562_n_23861,0.337288829,5118.733129
n_29017_n_30068,0.464215468,4157.739712
n_2106_n_21118,0.068087956,4504.36651
n_23857_n_29979,2.087717859,1562.375487
n_10013_n_10012,2.19573573,1511.900245
n_6684_n_28470,9.633479379,3190.465898
n_23847_n_29015,2.836682334,1279.711268
n_1572_n_7041,4.685872581,923.0116083
n_6701_n_28771,1.543672735,1901.701308
n_1924_n_23766,2.430441143,1415.176984
n_8330_n_8337,8.376728978,632.3685837
n_6134_n_6177,2.594226007,1356.352833
n_9941_n_23814,0.386176207,4686.993954
n_1060_n_1061,0.474715955,4097.635654
n_6402_n_10053,4.375200289,965.1661986
n_9942_n_18290,0.784510542,917.4421196
n_23802_n_30494,1.224657526,2211.027892
n_1834_n_6891,0.577993346,19919.80965
n_19634_n_28669,4.069547412,1011.759388
n_9865_n_23787,1.067721514,2417.495132
n_28470_n_4473,5.81128128,4433.59427
n_23783_n_9867,4.690208885,922.4559782
n_9847_n_23775,2.82285025,1283.789971
n_10025_n_14045,1.609716977,574.6038648
n_26270_n_28300,0.439149032,1338.51153
n_23848_n_28671,1.060618229,2428.023001
n_26274_n_28309,0.293061392,1741.696299
n_26570_n_31224,0.00284438,35597.25606
n_28711_n_30943,1.293195194,2134.019802
n_7703_n_9823,1.234860042,2199.118413
n_29004_n_9898,6.681000514,732.689457
n_9483_n_23781,0.476967236,4085.034397
n_9864_n_9866,0.583696332,3581.822404
n_6691_n_25047,0.844783187,2815.662501
n_7089_n_9821,1.985993518,1614.017343
n_4532_n_4534,6.21110241,768.3143505
n_18692_n_28635,2.612769831,1350.07816
n_26276_n_28308,0.213353708,2141.500874
n_3494_n_30304,0.427573742,1361.991209
n_322_n_20897,2.674511683,1329.705892
n_2042_n_18704,0.043194517,6057.570153
n_9956_n_29011,4.950662764,890.5656206
n_4093_n_7049,3.799788891,1057.957808
n_6987_n_22602,1.256672472,675.1012229
n_9480_n_23781,0.641869715,3367.005609
n_30412_n_6669,6.096382562,777.6957975
n_9849_n_23777,2.036635432,1587.775905
n_18706_n_18707,0.887670865,846.5457884
n_15691_n_15692,5.18516919,268.3192395
n_18708_n_28211,0.585548438,1109.887813
n_4517_n_28664,4.695026267,921.839699
n_9886_n_23792,0.474850896,4096.877562
n_10014_n_14322,0.07025454,4413.442296
n_18292_n_18294,3.204617006,367.030555
n_14283_n_14301,0.156414013,2621.132824
n_6660_n_6678,1.139912996,2316.69191
n_18268_n_18269,0.141513133,2797.652704
n_6404_n_10053,2.09650609,483.8029403
n_9477_n_23596,2.800284854,1290.515195
n_13841_n_29284,0.655046671,1031.737586
n_18280_n_30525,5.22967077,859.3398683
n_6650_n_29015,0.180842774,7680.486096
n_9869_n_23788,0.040807119,20244.29552
n_9855_n_28996,0.637081157,3383.459429
n_6647_n_30416,0.384600745,1459.220406
n_9884_n_31012,0.29930895,1717.942231
n_7608_n_7607,0.675837833,3255.849298
n_13301_n_31027,3.101880278,6671.89275
n_16281_n_29255,0.886781207,847.0985803
n_6978_n_28707,2.380758682,445.3698083
n_6930_n_28700,3.082499784,376.4320513
n_9859_n_9858,7.674344353,669.4680993
n_29873_n_29874,0.928170831,2648.292733
n_4481_n_10025,2.208761742,1506.08973
n_28502_n_28505,3.106311614,1206.258131
n_1514_n_6177,0.366032165,4853.340147
n_2106_n_30943,0.058273362,4984.727998
n_1837_n_1924,13.30707974,2585.348394
n_28108_n_28506,0.717261651,972.5598972
n_23805_n_9911,4.642218227,928.6529177
n_9946_n_9950,0.613099517,3469.038328
n_18310_n_9883,0.796268606,908.5999063
n_15782_n_31027,2.467975152,435.059477
n_15628_n_15632,1.022377181,772.1570229
n_4095_n_21284,0.154734948,8500.993922
n_6658_n_6674,0.09948661,3518.987355
n_3_n_19163,2.149118409,476.0592399
n_9440_n_9479,6.693291781,731.8132695
n_6687_n_30413,0.062405498,15353.29813
n_28664_n_30882,0.059420693,15851.06013
n_8330_n_28842,0.394386889,4623.237831
n_16289_n_29240,1.825118573,529.4951506
n_7061_n_7064,2.291695166,1470.380227
n_11742_n_15662,4.435084102,297.0498739
n_27917_n_27921,0.015839056,37485.90487
n_17246_n_26258,2.83343266,397.6553118
n_26274_n_28310,0.455732375,1306.599087
n_275_n_4531,0.08242881,70783.08778
n_4484_n_4496,3.896575169,1040.775574
n_18865_n_28766,0.299601857,5529.187176
n_14503_n_28300,0.156094851,2624.620514
n_12430_n_25047,0.582212879,3587.761002
n_9877_n_23790,4.159320468,997.4891737
n_7049_n_26833,1.394727344,630.8119888
n_6384_n_28635,0.176864125,2419.630253
n_15512_n_11742,2.184273308,471.057193
n_4477_n_29803,0.358495735,4919.519453
n_9970_n_9983,2.160947204,1527.701188
n_14322_n_15629,0.880544515,850.9996396
n_6974_n_6980,0.118821199,3134.776158
n_9413_n_28669,9.182952618,595.64878
n_23812_n_30400,3.28977636,1162.027623
n_14577_n_21560,1.782752003,537.6532628
n_1754_n_22541,12.44132269,488.8027439
n_6955_n_28704,1.368643539,2056.680088
n_9418_n_9419,0.376753476,1478.93539
n_6706_n_23814,4.669495934,925.117702
n_9440_n_23586,0.387423125,4677.168066
n_14015_n_14021,0.300108224,1714.962278
n_6922_n_10051,4.0404399,1016.498425
n_9893_n_23802,0.037192037,21504.47456
n_6692_n_18710,0.471025958,1278.822566
n_18688_n_30525,0.045189323,18943.64021
n_3_n_28310,2.142498047,477.0163665
n_6671_n_22544,0.091460498,11970.95262
n_6891_n_22779,0.555610424,3698.675591
n_9831_n_28668,0.766205602,3000.426253
n_18865_n_22779,8.056389072,648.6259819
n_11744_n_11747,1.456424674,613.2844835
n_9830_n_28993,1.529854719,1912.865737
n_13964_n_14006,0.801526079,904.715619
n_26271_n_26272,0.30521214,1696.237689
n_9859_n_28766,0.802960018,2910.288343
n_9942_n_30065,1.132727187,2326.248876
n_30520_n_30521,0.763515908,3007.302987
n_1517_n_20897,0.228335155,6598.737944
n_8320_n_8324,3.535575093,1108.77713
n_7557_n_29872,1.883063246,1670.916347
n_1834_n_6177,1.940656369,9054.039525
n_7065_n_29002,2.163010578,1526.752309
n_23845_n_30523,0.538778025,3773.496352
n_322_n_20895,2.669067518,1331.470929
n_16404_n_18693,3.272412719,362.0623518
n_6966_n_29661,1.571316276,583.7069624
n_10025_n_14003,1.116312923,729.2120354
n_2415_n_23859,0.418447822,4448.394228
n_18303_n_28842,12.94975245,147.8700666
n_15775_n_15776,0.076485828,4175.911331
n_998_n_9900,0.834506258,2838.187572
n_23795_n_9890,0.250093626,6219.091609
n_4507_n_28470,4.581634707,5175.742155
n_14030_n_26041,1.486062531,605.2939612
n_15664_n_28707,1.47717915,607.6611763
n_28669_n_22612,21.21250239,345.3666775
n_4540_n_11744,0.231266888,2032.004299
n_28310_n_3,2.142498047,477.0163665
n_1258_n_28625,0.733429754,958.5484814
n_18706_n_18709,1.229480147,684.7842662
n_7719_n_9967,1.8856782,1669.407527
n_14496_n_14497,0.405223105,1410.436566
n_15226_n_28662,6.856370684,223.699545
n_4496_n_30852,2.749865812,1305.87009
n_9830_n_9832,0.908014052,2686.417448
n_9941_n_23813,0.387713024,4674.8911
n_23767_n_9823,0.611348751,3475.502492
n_4481_n_14593,0.497323235,1234.38506
n_30065_n_9928,2.685253018,1326.240812
n_10019_n_10018,0.114906114,10318.30542
n_31012_n_30494,4.262815958,304.8105591
n_1851_n_13431,0.838004442,878.8790822
n_6705_n_6707,0.377601779,4756.00834
n_29024_n_30525,0.071416637,14062.68851
n_7601_n_22817,0.26852561,5937.75212
n_14502_n_28300,0.559831612,3680.496279
n_7601_n_22814,0.746090606,3052.84285
n_7045_n_15666,4.104426622,312.4173241
n_14522_n_28306,0.150907197,2683.010078
n_26276_n_28305,0.167769504,2504.230535
n_6669_n_9412,1.917799438,1651.151363
n_4532_n_10023,0.915599522,2671.907656
n_10051_n_23858,2.224877724,1498.978694
n_30897_n_30898,9.109858824,3308.68079
n_9841_n_23774,0.021489147,9543.063087
n_10014_n_18690,0.880141381,851.2533701
n_6913_n_31027,4.029574308,5626.952293
n_9933_n_30066,1.204562464,2234.970891
n_10017_n_29021,0.178534357,7744.990122
n_6177_n_22542,0.120340594,10012.52129
n_4093_n_7046,0.314382049,1663.86273
n_29011_n_23825,0.889369907,2722.946447
n_29239_n_30640,0.072852485,4310.3367
n_23600_n_6661,2.524485276,1380.629797
n_1258_n_28107,2.287492079,457.1085916
n_9881_n_28663,3.778449541,1061.843691
n_26302_n_26303,0.412504387,1394.178828
n_6967_n_6972,0.123552848,3056.091384
n_16281_n_18691,2.193431723,469.7758433
n_18293_n_18290,4.551451143,292.0834218
n_6687_n_7062,2.140329375,1537.265511
n_18689_n_22611,8.471424039,627.757821
n_29018_n_29019,2.837271327,1279.538319
n_10024_n_11731,5.142250044,269.775034
n_26268_n_28300,0.049277914,5559.629205
n_6697_n_22546,0.607924725,3488.233414
n_17633_n_29477,2.033534147,493.5041129
n_6955_n_28703,0.729743122,3097.191691
n_20881_n_30304,0.321073811,1641.20452
n_2416_n_2417,2.405503538,1424.710602
n_9902_n_9909,3.215912193,366.1908264
n_26302_n_29293,1.896159808,516.4947355
n_9426_n_23802,3.250913372,1171.052185
n_9454_n_23779,0.021787727,30459.01155
n_9488_n_23600,0.712350219,3146.213956
n_28471_n_28502,5.083776858,875.3149858
n_23804_n_30061,5.527176779,828.9380556
n_14502_n_26265,0.922600681,825.5407549
n_3_n_28779,2.20389177,468.3231452
n_28311_n_28779,0.369303993,1498.288676
n_22537_n_30518,0.327368664,1620.590643
n_6661_n_31010,1.615591681,1846.153829
n_23771_n_23772,7.943786663,654.5967016
n_9945_n_23819,0.639172977,3376.246758
n_6647_n_28664,0.231076838,2033.092117
n_14522_n_28307,0.072505816,4323.741889
n_26272_n_28303,1.433951078,619.524707
n_9440_n_23773,0.98589962,2546.283026
n_1517_n_28509,3.476353111,1121.037432
n_9901_n_9905,1.952859045,1631.792783
n_18869_n_23842,0.279159617,5789.508868
n_13964_n_28275,0.510397396,1213.70763
n_13843_n_29240,0.099902994,11302.28245
n_319_n_19222,0.509774224,3911.909213
n_7049_n_28707,1.037849895,2462.567668
n_14576_n_26302,0.079614437,13102.25608
n_6707_n_6711,0.557951266,3688.566285
n_6913_n_28504,2.951497502,1247.079519
n_1572_n_1575,2.141232589,477.1998738
n_23856_n_30493,0.64723208,3348.819034
n_23772_n_28994,0.559770718,3680.75692
n_26303_n_14569,0.13129412,2937.546895
n_28505_n_30343,0.144636378,8882.824587
n_6191_n_18291,3.031547763,380.538804
n_4479_n_30205,0.59748982,1095.396429
n_28699_n_17633,1.447393081,615.7730486
n_6968_n_26833,7.449091177,211.945032
n_4478_n_30957,4.362250212,967.0305171
n_9874_n_9876,3.974591341,1027.430269
n_20880_n_20881,0.366881614,1504.721378
n_2042_n_23859,0.59475813,1098.669051
n_6132_n_6135,0.484197077,4045.221753
n_6969_n_22602,0.689841749,997.55437
n_9929_n_23812,0.348931386,5006.889415
n_4477_n_4521,2.949320553,1247.678683
n_9903_n_9908,2.509591053,1385.958534
n_9949_n_23815,3.061522689,1217.717258
n_9865_n_28955,0.195326137,7304.773716
n_6942_n_28471,2.835010189,397.5112487
n_10038_n_10037,0.391639791,4644.323347
n_23846_n_30068,0.379088454,4743.857772
n_29021_n_6669,3.697079221,1077.000021
n_9984_n_9986,0.105984742,10875.72812
n_9856_n_30061,1.159746542,711.3152405
n_10043_n_23813,1.807152722,1716.279878
n_30415_n_30416,0.332360185,1604.704348
n_6656_n_22539,0.080266673,13032.84731
n_1837_n_22589,1.27955048,2148.806847
n_6646_n_6652,0.092356857,11895.18905
n_11709_n_28665,0.767549173,930.5899146
n_6651_n_6663,3.55451322,1104.927786
n_6888_n_22590,1.363094262,640.3038732
n_6135_n_6134,3.769751,330.2044624
n_9822_n_22867,1.297485771,2129.42313
n_7045_n_22609,0.349043625,1554.34633
n_10040_n_23855,0.298272606,5545.215887
n_6400_n_28636,1.407050299,627.2099202
n_9853_n_9855,6.058701574,780.8411055
n_8318_n_8320,0.168467288,8043.223133
n_6938_n_28698,2.630683877,417.3474683
n_14000_n_14015,0.553435776,1151.398651
n_10014_n_4099,8.814995554,611.7192913
n_28470_n_30882,1.471461821,1961.946518
n_29803_n_4517,3.94244659,1032.876067
n_15626_n_15629,0.510293536,1213.868438
n_10024_n_10022,0.102797719,11094.06018
n_6709_n_18277,7.089315711,218.8865481
n_18289_n_19629,1.553134486,588.1463186
n_9439_n_9440,1.450949657,1979.958494
n_18283_n_18282,0.197988475,2248.277436
n_27920_n_27921,0.017559519,35052.10001
n_6689_n_6688,5.140464186,869.018937
n_29015_n_29973,0.070841423,4389.605259
n_26269_n_26268,0.086321404,3859.662608
n_7597_n_22818,0.029931766,24770.20523
n_30942_n_30944,0.241724188,6358.436966
n_340_n_6903,0.446773981,1323.595487
n_29240_n_29275,1.124756232,725.6437506
n_207_n_29228,2.46436356,1402.464741
n_9906_n_9908,1.230691885,2203.964241
n_6888_n_28954,1.60442197,1854.510743
n_340_n_6661,4.595733278,934.7571101
n_10025_n_14001,0.792663875,911.2876842
n_6688_n_28669,0.664690647,3291.292073
n_9868_n_23786,4.775373469,911.7126537
n_7050_n_23857,0.079516933,13112.7128
n_1837_n_6893,2.370214673,1438.483819
n_26303_n_26304,0.159916564,2583.615291
n_7720_n_30957,2.091048648,1560.754907
n_9927_n_23810,3.696593861,1077.092076
n_18278_n_18284,5.578405384,255.849414
n_17983_n_21770,0.138202631,2841.098985
n_1572_n_23849,3.454695721,1125.607507
n_23856_n_10044,0.022358357,29950.65975
n_1575_n_28509,10.96901028,530.5700811
n_28770_n_28771,0.556752567,3693.734294
n_7587_n_19221,0.249130993,6234.724836
n_6669_n_6939,1.522823401,1918.610913
n_13964_n_14027,0.752638654,942.5505671
n_6664_n_23768,0.523757691,3843.597154
n_23785_n_28652,0.720246051,3123.717175
n_6897_n_6902,0.060246715,15709.23857
n_7699_n_22867,0.258296147,6089.79945
n_6709_n_6710,0.072992713,4304.944177
n_28332_n_18271,0.113361819,3232.247383
n_28719_n_7062,7.200397139,697.8349439
n_1508_n_3484,0.918385196,828.0056299
n_4534_n_14031,0.270301801,1835.814616
n_9961_n_31016,0.67578063,3256.028712
n_6705_n_18281,0.146672036,2733.193484
n_28504_n_29228,20.78375316,1934.009681
n_9969_n_9971,4.524758872,944.276389
n_15661_n_18700,2.89288134,392.3162067
n_1506_n_29226,1.329167188,650.8968291
n_18303_n_30976,7.649610111,208.3115251
n_29000_n_31012,3.557398973,1104.344203
n_340_n_18493,1.227007986,2208.269692
n_20896_n_23861,0.185245874,7561.143141
n_23582_n_28946,0.24562277,1953.878745
n_21284_n_28664,1.815998852,1710.832636
n_23815_n_23816,4.029918545,1018.225319
n_9961_n_9962,0.532919673,3800.449455
n_14549_n_26292,0.109443987,10650.69212
n_7557_n_29874,1.883118009,1670.884714
n_9943_n_23816,1.940887588,1638.338032
n_6977_n_18870,6.205982613,238.6947198
n_4481_n_18308,4.975119372,887.7132047
n_7067_n_23767,1.477338929,1956.861955
n_6687_n_22611,0.041436646,20043.53824
n_25970_n_30630,0.220470206,2096.243329
n_15628_n_15626,1.898430299,516.0925164
n_18282_n_18283,0.197988475,2248.277436
n_23812_n_29005,3.169474729,1190.553824
n_9994_n_10012,1.364171553,2061.066718
n_18267_n_18269,0.194404572,2275.173749
n_6984_n_18870,0.265011884,1859.588021
n_6981_n_6982,1.323676517,652.6532265
n_6707_n_30400,2.955513101,1245.976214
n_7702_n_7703,0.39318692,4632.418343
n_319_n_6650,1.699740954,1786.128085
n_14503_n_26267,0.07182383,4350.424638
n_26268_n_26269,0.086321404,3859.662608
n_6968_n_6981,1.486254599,605.2430377
n_9955_n_29006,1.419998714,2007.94728
n_4093_n_28617,6.0148692,4335.315454
n_1572_n_7031,1.739690327,546.2799292
n_9871_n_23789,3.007438275,1231.929048
n_20562_n_20896,0.521914099,3852.43034
n_17892_n_28106,0.580031602,1116.748699
n_6913_n_6641,4.934481747,892.4656616
n_2042_n_22521,0.457322858,4198.42741
n_4540_n_21559,0.437108281,1342.57644
n_997_n_19629,0.49275277,1241.826593
n_9963_n_29011,3.491676882,1117.832153
n_7045_n_30086,1.204384416,2235.185978
n_18867_n_28636,1.422243015,622.8400532
n_13300_n_18297,1.312867418,656.1463184
n_6177_n_22543,0.354193747,4958.335881
n_7044_n_30087,0.078488128,4106.247266
n_3485_n_20883,0.210859318,6949.802299
n_10023_n_10024,5.444503994,837.1107044
n_6650_n_29973,0.196012559,2263.00579
n_18699_n_29017,0.669021863,3277.405061
n_9967_n_18301,0.058334161,4981.345172
n_18696_n_18705,6.937174594,714.9602115
n_23822_n_23823,1.12503005,2336.597557
n_4479_n_15609,1.724088996,549.4929584
n_9882_n_29000,3.39050515,1139.435201
n_6666_n_6678,0.063594743,4709.071374
n_12432_n_25047,0.038502772,21025.02253
n_4096_n_21285,0.454104498,4217.774277
n_6400_n_22425,3.326463971,358.2215136
n_333_n_334,0.919982093,2663.614619
n_9870_n_23789,0.700996392,3179.294711
n_18708_n_10875,1.735627672,547.1120232
n_23813_n_23814,0.004433984,85867.49182
n_18280_n_18279,1.776815776,538.8219505
n_23803_n_9856,0.075375345,13577.36458
n_28707_n_29661,5.35284534,262.8172376
n_28108_n_28504,2.495400096,431.9407927
n_18271_n_28332,0.113361819,3232.247383
n_9506_n_18869,2.403601246,442.6098221
n_1924_n_28663,11.19865853,2892.610008
n_9508_n_23786,0.534617097,3792.589785
n_6652_n_28470,0.231969977,6531.240458
n_14494_n_30260,0.250686161,1928.095847
n_23793_n_9887,3.349920596,1148.402936
n_9839_n_7069,4.425277325,297.4782531
n_16490_n_31089,0.28026197,1793.073977
n_9938_n_18295,4.766783139,283.4247363
n_22540_n_6665,0.262681077,6023.426576
n_2907_n_30301,0.201864937,2220.076009
n_9994_n_29016,1.757041636,1747.9888
n_9961_n_29011,0.695513061,3195.589741
n_4531_n_7797,2.095417808,483.9665019
n_328_n_12439,0.406796022,1406.883879
n_6660_n_7026,1.095623416,2377.235748
n_10029_n_10037,2.738803852,1309.301293
n_23782_n_9484,0.04226469,19787.0153
n_9479_n_23781,1.668657998,1807.717772
n_18692_n_20562,1.773489004,1737.418368
n_23850_n_29020,0.181043929,7674.929592
n_18493_n_22818,4.167748247,996.1756007
n_9456_n_23780,0.13650685,9223.722278
n_30522_n_23843,0.970561272,2572.407794
n_17892_n_17983,0.250143125,1930.819711
n_23850_n_28673,1.310390892,2115.747316
n_23817_n_30519,0.444187673,4278.839236
n_1517_n_20880,1.077538125,2403.134677
n_1572_n_7026,4.577576465,937.1691451
n_29015_n_30069,0.183077642,7619.319322
n_9833_n_28993,0.895322996,2711.146288
n_30401_n_29024,3.036014351,1224.368014
n_22611_n_30413,0.023425222,29055.45418
n_4452_n_13267,2.884199593,393.0845781
n_18271_n_18296,4.44766805,296.5024679
n_30067_n_9930,1.07038,2413.584642
n_9898_n_9903,1.531721924,1911.347393
n_7566_n_28767,1.439245547,1990.425587
n_23809_n_23810,0.116276465,10238.9775
n_9835_n_23770,0.132968149,9382.79136
n_18268_n_18262,1.333023219,649.6704765
n_6894_n_22592,1.152724942,2299.89674
n_9440_n_23772,1.603092313,1855.51196
n_9883_n_9856,0.076933371,4160.080865
n_6954_n_31267,2.557392644,425.0953634
n_6707_n_6708,0.26824435,5941.80442
n_9898_n_23805,1.523152908,1918.3407
n_17984_n_21770,0.058551395,4969.305928
n_218_n_29226,0.416832273,1384.738135
n_23842_n_10002,0.038364721,21074.24396
n_10043_n_28996,1.05293681,2439.539527
n_23784_n_28652,0.276803212,5821.546349
n_15689_n_29983,0.029432674,7775.965625
n_9480_n_9867,0.302514342,5494.474173
n_6688_n_6690,0.533489602,1179.24348
n_28504_n_28505,1.380613403,2045.054257
n_30523_n_28998,1.249277403,2182.563201
n_4534_n_11735,3.068870293,1215.818471
n_6965_n_6968,2.085346008,485.4869089
n_9458_n_23584,0.150743416,8646.863348
n_9933_n_23795,0.02826825,25709.64979
n_13988_n_17889,0.294593191,1735.795277
n_28714_n_30086,3.837495703,1051.178762
n_9820_n_7091,3.816019472,1055.026269
n_28471_n_29962,1.559879617,586.489428
n_1754_n_22817,0.195954973,7289.504656
n_2417_n_18867,2.182117543,471.3600957
n_4534_n_30912,0.168384401,2498.273462
n_9831_n_23770,2.011006191,1600.920013
n_6664_n_6674,0.501183003,3955.434061
n_323_n_19224,0.022173004,30113.4132
n_4098_n_21285,0.013839467,40928.23865
n_23857_n_7061,1.933694201,1642.303082
n_9851_n_28662,1.409409936,626.5261207
n_4473_n_30940,3.176552002,6569.368382
n_1258_n_10026,2.960450871,1244.622926
n_6895_n_22591,2.080071602,1566.111933
n_6691_n_7607,1.006875668,2511.623203
n_29016_n_29019,5.145590019,868.4552799
n_6904_n_18493,0.021752339,30491.26068
n_18707_n_18710,0.583452014,1112.482363
n_27913_n_6939,0.552867889,1152.168436
n_29000_n_23800,0.194366107,7328.241829
n_15691_n_29983,5.034879197,273.5064725
n_6971_n_6974,0.309539277,1680.76316
n_6684_n_4484,0.460182073,1298.36037
n_18262_n_18267,1.146058984,716.8342469
n_30212_n_27690,0.210623431,2159.531941
n_7064_n_7066,0.378019469,4752.586599
n_1506_n_28509,1.932493254,510.1520942
n_9871_n_23788,1.361005027,2064.18719
n_22815_n_22816,1.084410572,2393.209046
n_29018_n_28673,0.87291425,2756.254156
n_23803_n_9907,7.717655116,667.0198959
n_9414_n_28704,1.669852595,1806.875777
n_6024_n_7798,0.885790333,847.7153425
n_18698_n_28663,9.805020597,570.7669033
n_6710_n_18282,1.292179287,662.9661528
n_9874_n_23789,3.221138982,1178.087645
n_7046_n_7047,0.766294415,931.5816134
n_9870_n_18693,2.370471982,1438.382167
n_9833_n_23769,0.670657644,3272.198867
n_15641_n_30941,2.23473988,8259.432124
n_18278_n_18279,0.180631137,2386.659644
n_13988_n_15609,1.653738597,564.5995861
n_9850_n_23776,0.206834441,7037.54658
n_9934_n_9890,0.008942045,54388.40995
n_7699_n_23766,1.390212405,2035.850708
n_9891_n_23794,0.612210748,3472.316019
n_9927_n_30064,0.22246107,6711.651436
n_7031_n_30941,3.654828658,5996.122832
n_9854_n_23778,1.205086105,2234.338623
n_6706_n_30398,1.986029152,1613.998491
n_9480_n_12417,0.29919349,1718.37379
n_6667_n_22538,0.907866743,834.2382358
n_12439_n_25052,0.257553132,6101.230783
n_14508_n_28300,1.695649441,555.4752343
n_9845_n_9847,0.318678535,5311.400889
n_15690_n_15691,3.317135271,358.8770212
n_9834_n_23769,0.127523841,9641.659047
n_6930_n_28698,0.821101046,2868.266973
n_14027_n_14029,0.549143132,1157.24999
n_30212_n_29284,0.533004916,1179.941462
n_27914_n_27913,0.008575886,55889.10145
n_7589_n_28767,0.975636324,2563.688762
n_328_n_19233,0.396584476,4606.543907
n_9823_n_28718,0.062370292,15358.93946
n_15628_n_30412,0.893237655,843.1074969
n_30399_n_9943,2.79839053,1291.083837
n_4481_n_28107,0.321056788,1641.26117
n_18707_n_30524,0.040657196,20292.8618
n_29262_n_30421,1.004747145,780.9505208
n_6685_n_28700,3.716421436,1073.347664
n_9939_n_9940,1.075475789,2406.13365
n_11856_n_28998,0.244287747,6314.918729
n_325_n_19223,0.266657335,5964.801709
n_9961_n_18302,3.147082536,1196.061656
n_11709_n_28601,1.819950235,530.4735571
n_26569_n_31089,0.551405441,1154.156844
n_23854_n_23855,0.644434988,3358.274261
n_6673_n_6938,1.155378742,713.0646658
n_1586_n_16162,0.094220454,3645.809428
n_3484_n_20882,0.730901051,960.7060892
n_15690_n_29983,2.245489816,462.6568148
n_18291_n_18292,1.800022641,534.2893605
n_13478_n_29012,0.457912097,4194.909582
n_7091_n_7092,0.079262266,13140.12458
n_17985_n_28106,0.129961855,2957.115789
n_6685_n_31267,0.108304968,3329.709838
n_23844_n_29630,0.008042864,58273.26866
n_2417_n_28636,3.509113869,345.9703938
n_14496_n_26270,1.586849187,579.9810081
n_998_n_9907,0.743672902,949.9326807
n_1069_n_8325,3.80629953,1056.779389
n_14574_n_14575,0.419466245,4441.360272
n_6692_n_30524,0.826929624,2855.08956
n_6971_n_18870,0.292263691,1744.789528
n_1754_n_7608,1.665194646,1810.1645
n_13267_n_9905,1.892708827,517.1076043
n_27918_n_27920,0.087850095,3815.80602
n_29630_n_30523,0.57027311,3636.48498
n_18688_n_23858,2.575699806,1362.695926
n_1500_n_28711,1.085264172,742.7264576
n_9847_n_29005,0.305015441,5465.101767
n_18990_n_18704,0.05193956,5372.459055
n_9984_n_9968,1.5353745,1908.38607
n_9902_n_18289,0.296481506,1728.590174
n_6711_n_9937,2.136599649,1539.011942
n_9968_n_23825,10.32984251,551.7175046
n_23819_n_30399,3.108478411,1205.710681
n_2907_n_28509,1.170915758,706.8907267
n_14035_n_26041,0.03512589,6930.412561
n_326_n_5117,1.683448798,558.092698
n_4538_n_11735,2.323199277,452.522518
n_18297_n_18299,1.316302909,655.0309647
n_9868_n_23784,5.719243782,810.7077561
n_17983_n_17889,0.523378911,1194.024187
n_23849_n_30524,0.396572627,4606.633507
n_1500_n_3861,1.045432527,761.0282553
n_9846_n_29001,0.63032544,3407.022912
n_9938_n_9939,1.600143136,576.839621
n_1258_n_4532,2.365325029,1440.418975
n_1837_n_6703,3.189789889,1185.612174
n_18293_n_18295,1.50976387,599.0908763
n_6684_n_30898,0.131329988,52268.74224
n_28698_n_30950,4.367964145,966.2068031
n_6687_n_28990,10.0464935,174.4419925
n_9890_n_31013,0.041721151,19954.4528
n_30212_n_14521,2.320960177,452.8066721
n_30519_n_30520,0.082736868,12778.19947
n_30640_n_29239,0.072852485,4310.3367
n_18277_n_18298,7.732181857,206.8606295
n_7699_n_9885,1.265633581,2164.159479
n_10014_n_18691,2.208344046,467.7082588
n_14000_n_14492,0.502909136,1225.442116
n_7045_n_24341,0.304975448,1697.094582
n_322_n_1837,4.157868717,5513.305767
n_4539_n_21560,0.992133481,787.3998799
n_23853_n_28996,5.119871779,871.2927455
n_27917_n_27922,0.095164597,3622.221381
n_6662_n_28667,1.22254032,2213.519869
n_6922_n_26871,2.028515831,494.2985583
n_10707_n_30421,1.303793522,2122.710758
n_7619_n_22867,2.365026667,1440.53727
n_4531_n_29228,2.283959326,8143.119837
n_12414_n_6888,5.790508196,804.198397
n_28673_n_23792,0.86703125,2768.414655
n_28662_n_30518,0.057710362,16155.31908
n_6965_n_6967,1.465752316,610.7409489
n_1517_n_7592,1.638147548,1829.565443
n_4532_n_275,6.797848535,724.4658631
n_1048_n_28300,3.156285592,1193.790162
n_18992_n_22425,5.232873524,266.7243024
n_18293_n_9937,1.31314673,656.0554581
n_23584_n_9453,0.291858929,5624.243942
n_6696_n_23848,0.13568691,9259.969458
n_1508_n_5117,0.697527082,990.3853871
n_29239_n_13841,0.486039597,1252.96586
n_14194_n_14258,0.198169245,2246.942096
n_28803_n_9986,7.659061697,670.3374261
n_7600_n_22816,0.049015555,17967.36449
n_4099_n_28470,1.510491666,1928.79347
n_207_n_19163,0.099068481,3528.649086
n_28662_n_9822,7.703085421,667.840932
n_6964_n_18694,0.038795619,6496.28327
n_9455_n_23584,0.684652579,3228.498809
n_7089_n_6689,8.644850819,619.5304083
n_10018_n_10014,9.313433114,590.202823
n_6660_n_6683,0.112921895,3240.439383
n_9455_n_23583,0.474454107,4099.107718
n_28954_n_10002,0.530681982,3810.874136
n_9885_n_23793,0.285398987,5706.794479
n_7014_n_6666,6.23754603,237.9077134
n_6178_n_6654,0.806354927,901.1848834
n_19230_n_25052,0.058025077,16098.22251
n_9440_n_9484,9.538766118,581.0885791
n_9505_n_9506,0.05132999,5413.90764
n_6692_n_18706,0.936554503,2632.835605
n_29006_n_31014,1.06792936,2417.188824
n_1514_n_6178,0.192671579,7370.135409
n_28666_n_30413,4.256357424,982.6253533
n_18699_n_30068,0.36578203,1507.664548
n_207_n_18308,0.325110298,5242.757375
n_15777_n_26871,0.764374345,933.1043425
n_18267_n_18268,0.222248163,2085.310969
n_3492_n_20880,0.321806862,1638.769763
n_9413_n_9441,2.153045575,1531.34877
n_6699_n_22549,1.655365494,1817.154419
n_31014_n_29010,0.34809551,5014.713087
n_28501_n_30882,3.479767696,347.8670297
n_10058_n_18692,3.076383176,1213.884718
n_10239_n_17246,2.177192248,472.0539975
n_8330_n_30976,5.211741068,861.2632957
n_15512_n_30898,2.136468428,477.8923461
n_6953_n_6954,3.110409684,374.2296801
n_7557_n_1514,5.542125615,827.4817964
n_14033_n_26042,0.031615762,7422.072691
n_6902_n_9877,0.953288799,2602.655096
n_4536_n_4521,5.716380651,810.9720745
n_22426_n_22521,0.864613305,2773.452269
n_14029_n_14488,0.959364467,804.8058795
n_9883_n_9882,2.999550702,1234.036972
n_28704_n_9412,13.47924218,463.958929
n_6705_n_6706,0.456703543,4202.132871
n_207_n_14502,5.792866153,803.9852803
n_23790_n_28999,0.629749535,3409.050921
n_28470_n_28664,1.423895104,2004.36858
n_6901_n_6902,2.278603571,1475.874369
n_7702_n_22868,0.487914365,4025.131523
n_9942_n_29007,1.929169535,1644.809611
n_28295_n_28296,1.299747553,660.4504926
n_23784_n_9863,0.186289258,7533.546892
n_6700_n_22548,0.69019668,3211.592437
n_14573_n_10025,0.78686419,2948.906512
n_324_n_19224,1.810266559,1714.357438
n_321_n_28770,1.332969951,2092.346989
n_12414_n_22589,1.603569996,1855.152113
n_23582_n_23583,0.316702374,5332.952968
n_18270_n_29803,0.27454382,1817.298568
n_6890_n_22590,0.023136314,9095.089622
n_23779_n_23780,1.123878958,2338.155236
n_29017_n_30069,3.046955511,1221.504082
n_13956_n_17072,0.344219955,1568.491678
n_26267_n_26270,0.268719035,1842.846677
n_27919_n_27920,0.033420241,23054.80879
n_30944_n_21135,0.243014147,6336.444264
n_23776_n_23777,3.090868841,1210.178149
n_18310_n_10584,2.829403114,398.0238998
n_23843_n_23844,0.035718795,22077.80753
n_15628_n_15630,1.175176744,705.2211156
n_23793_n_9886,12.17028711,495.8621121
n_23843_n_23845,0.066941183,14667.81323
n_6692_n_10016,7.66600422,669.9421583
n_319_n_22546,3.610910567,1093.66237
n_1514_n_22543,0.047260977,18398.84266
n_1258_n_4538,0.252475747,1919.187826
n_4095_n_4098,0.685231366,3226.723284
n_18699_n_18709,11.14594185,163.0382345
n_6940_n_18703,3.79101199,328.9977101
n_9866_n_23783,0.043358524,19460.60188
n_9872_n_23788,0.087994563,12275.83412
n_6705_n_18284,3.528106969,344.7567735
n_6641_n_6922,6.726823432,729.4364038
n_28295_n_28310,0.57741422,1120.041557
n_20896_n_1514,0.033978047,22807.70544
n_10836_n_30087,0.089086305,3781.251443
n_23797_n_23798,1.947411227,1634.763074
n_26264_n_28298,0.631871022,1056.217525
n_6922_n_15782,7.505426464,210.9080296
n_4491_n_30890,0.406361751,1407.862481
n_9950_n_23817,0.522424982,3849.977396
n_23844_n_23845,0.031688542,23867.36065
n_9943_n_30521,0.361176191,4895.720539
n_6177_n_18705,0.327452107,5218.318125
n_12162_n_18700,0.024626401,8732.939886
n_22548_n_6691,0.401160794,4572.265386
n_23585_n_23586,0.303856908,5478.657721
n_31089_n_29239,0.074351288,4253.57085
n_4475_n_28505,4.118803382,1003.86613
n_26569_n_26570,0.001140828,64522.63417
n_6942_n_28698,1.594731832,1861.838873
n_9928_n_30064,1.92380185,511.6513248
n_9419_n_9836,5.74501448,808.3384517
n_18296_n_18297,1.247453298,678.3450601
n_19221_n_28770,0.573086539,3624.853065
n_7065_n_7699,1.97690491,1618.844073
n_26569_n_31224,0.003107553,33604.54368
n_207_n_229,0.710981235,978.144089
n_6893_n_6903,3.387731113,1140.042514
n_6673_n_21285,1.978816429,502.3454786
n_28697_n_28470,2.2456101,1489.954816
n_9900_n_9905,3.419061189,1133.230847
n_14032_n_26042,0.271138496,1832.124673
n_26274_n_26275,1.27714942,668.0348655
n_29872_n_20897,2.357885912,1443.375826
n_28664_n_29962,1.539595533,591.5081853
n_23801_n_29000,0.241709925,6358.681231
n_7045_n_7046,1.010905858,2505.100121
n_23780_n_28945,4.349446067,968.8828326
n_6657_n_22544,0.06686647,4557.763833
n_10026_n_29228,5.27922661,854.0798857
n_6659_n_28502,0.68855562,998.7669809
n_7618_n_6897,4.034021844,1017.550951
n_17246_n_28842,7.480893773,211.3580349
n_9907_n_998,0.60485396,3499.751982
n_6655_n_22540,0.258759539,6082.697599
n_9457_n_28947,1.587259023,1867.540555
n_22539_n_22540,0.111933345,10495.88685
n_18694_n_28706,1.595783926,577.8649494
n_10022_n_28665,5.06768782,877.1230975
n_29001_n_9881,1.268633117,2160.826998
n_340_n_6906,1.219765817,2216.7963
n_9946_n_23818,0.552135608,3713.812509
n_28114_n_28625,0.42943867,1358.137793
n_9833_n_23770,0.668342286,3279.574135
n_1517_n_20895,0.221904067,6722.614015
n_14029_n_26041,0.188540788,2320.991878
n_6707_n_28996,8.046332828,649.1535985
n_14510_n_26273,1.018722915,773.9590412
n_9874_n_23790,3.985024499,1025.678339
n_30061_n_9856,0.943260521,2620.635096
n_9969_n_30975,0.185286511,7560.063539
n_9951_n_23816,8.193272468,641.5507195
n_28666_n_23768,0.640286838,3372.422003
n_6891_n_7559,0.34808991,5014.765601
n_31027_n_28663,10.08918898,3095.897181
n_2415_n_10054,0.1212589,9963.093218
n_10015_n_23847,2.71120072,1317.963899
n_9962_n_29011,0.172264004,7927.369802
n_15641_n_30940,0.399536827,25332.81577
n_30260_n_14492,0.152921926,2659.945083
n_21118_n_21135,0.167268405,2509.111864
n_7599_n_22815,0.022684269,29669.82083
n_6982_n_6966,0.833341701,882.077279
n_9914_n_29004,0.034950671,22392.48109
n_26271_n_28308,0.278482233,1800.52566
n_6651_n_22539,0.631184132,3404.004764
n_10041_n_23855,0.700626071,3180.388577
n_4472_n_6922,6.371289865,755.6831669
n_26272_n_28304,0.039541723,6416.220661
n_9852_n_28995,0.161288169,8274.514621
n_28704_n_7041,3.520630859,1111.838792
n_18277_n_18278,1.559050993,586.6923355
n_1508_n_29226,0.498199689,1232.970926
n_26264_n_26265,0.493905246,1239.93944
n_18291_n_31014,0.813436906,896.0693902
n_8318_n_8330,7.874472359,658.3420415
n_6900_n_22591,0.020341094,31852.24792
n_29873_n_30304,0.472923461,4107.739674
n_22612_n_28662,0.083929406,12659.70694
n_4474_n_28504,1.011938987,13833.79973
n_17632_n_18703,0.285004056,1773.594999
n_6665_n_28998,2.0999678,1556.436248
n_9858_n_28998,4.040290896,1016.52283
n_4474_n_4507,0.737142039,17002.82692
n_7014_n_28710,2.515211696,429.7228575
n_6685_n_30940,1.292905656,662.7236562
n_7044_n_22609,0.462232318,1294.608407
n_9839_n_9853,2.435511112,1413.25847
n_22591_n_6897,1.816717108,1710.392274
n_9457_n_23582,0.311307003,5392.942558
n_6661_n_6907,1.264055212,2165.918286
n_9426_n_10045,2.408833491,1423.428142
n_27914_n_27915,0.273524323,5866.882597
n_9892_n_23801,0.049534848,17844.51741
n_6662_n_9414,0.898035617,2705.81222
n_7065_n_28663,12.98725633,475.32639
n_23767_n_28991,0.026263552,26970.7275
n_1754_n_28766,9.944952828,175.5994323
n_9873_n_31010,6.342384213,757.9234667
n_23799_n_23801,0.2177716,6805.388989
n_28470_n_4472,4.89677862,896.9330891
n_15692_n_30941,9.802013909,177.262232
n_275_n_6024,7.288709171,692.3189314
n_6701_n_19222,0.584913973,3576.966499
n_1924_n_28719,6.709020413,730.6959151
n_4452_n_9900,3.097297013,375.2603206
n_7602_n_22814,0.374482547,4781.760301
n_7066_n_28718,0.863555287,2775.663895
n_14488_n_29293,1.180103764,703.3029446
n_10029_n_23786,3.904792536,1039.349203
n_322_n_6891,7.714489968,3686.888066
n_28670_n_28671,4.066029201,1012.329217
n_24341_n_30087,0.287159071,1764.91872
n_30950_n_6940,0.226126992,2061.954452
n_9846_n_28995,0.608668905,3485.456414
n_9969_n_23825,4.010529675,1021.427234
n_14006_n_28625,1.456602349,613.2357824
n_6953_n_18694,2.701969058,410.1460764
n_9951_n_13478,3.074732762,1214.308852
n_22542_n_22543,0.32512775,5242.574161
n_2042_n_20311,0.195925064,2263.663635
n_326_n_30944,0.985479072,2546.990358
n_6178_n_23861,0.035336628,22232.95648
n_20311_n_23859,0.501733809,3952.60668
n_18285_n_6705,0.40248144,4562.492976
n_23842_n_30522,0.364044698,4870.572875
n_18269_n_18270,1.014927871,775.841813
n_28502_n_28664,3.575044751,1100.79264
n_10048_n_22426,3.487103573,1118.786319
n_6673_n_28699,1.277445833,667.9339515
n_14001_n_14722,0.913797989,830.7091693
n_10014_n_29255,5.264660881,265.6747934
n_3861_n_21135,0.039287214,6443.249285
n_30640_n_14366,0.695759291,992.0228245
n_9505_n_28953,4.088100599,1008.767815
n_4459_n_28502,2.203672823,1508.352994
n_9487_n_31010,0.030296803,24575.50432
n_6673_n_6940,1.975234608,502.9383101
n_9484_n_9873,0.705463458,3166.174506
n_28303_n_28779,0.325121674,1627.873253
n_1850_n_1851,1.258936627,674.3105652
n_13300_n_18294,4.91382611,277.8741862
n_9484_n_23600,5.897134833,794.7022336
n_9955_n_30062,3.754141173,1066.314615
n_14528_n_28779,1.18778568,700.3384807
n_15824_n_15825,1.104251025,734.3876045
n_218_n_1586,0.332090537,1605.552463
n_6663_n_6677,0.613437855,3467.792633
n_9901_n_9904,1.422996346,2005.192623
n_322_n_22816,0.902539625,2697.014088
n_17891_n_13988,0.38294399,1463.32715
n_7065_n_7067,0.63116712,3404.064492
n_9821_n_9840,6.129088756,774.9916521
n_28673_n_30401,0.068938701,14389.7181
n_7559_n_18705,2.068545144,1571.787552
n_28470_n_28471,2.108331993,1552.413726
n_18296_n_18299,1.682205173,558.3612583
n_14194_n_18690,1.047482224,760.0584756
n_9937_n_29007,4.233714201,986.0434246
n_30942_n_30943,0.178925035,7733.976881
n_18693_n_18868,3.887671149,323.6492496
n_1517_n_20882,0.366834035,4846.431042
n_3498_n_20883,0.012546403,43627.03901
n_9441_n_9439,8.116605609,645.4892283
n_14029_n_14034,0.342141631,1574.687676
n_10052_n_23858,0.979246038,2557.532641
n_16289_n_18700,1.956697274,506.0350437
n_322_n_19224,1.306520674,2119.825245
n_23819_n_30398,3.077820556,1213.515636
n_6687_n_28669,8.571735827,622.9654882
n_9907_n_9909,2.501356592,1388.927065
n_9825_n_23768,0.174635725,7857.115166
n_18708_n_18709,1.222018134,687.5035302
n_19163_n_30205,0.489498586,1247.194809
n_6941_n_6939,0.722794331,3116.54332
n_9418_n_17163,2.220812699,1500.764314
n_10047_n_30493,2.199873323,1510.048433
n_10016_n_23850,8.593541105,621.9359868
n_18282_n_18284,2.304592658,454.8976316
n_328_n_19230,0.079661591,13097.2066
n_26264_n_28297,0.214656462,2133.030966
n_326_n_1517,2.871085167,1269.70774
n_9930_n_23809,4.79209734,909.6400562
n_9835_n_23769,0.137407912,9184.301214
n_9970_n_9971,3.009874018,1231.279949
n_14575_n_14576,1.239938875,2193.250224
n_30976_n_30975,7.534311542,677.5422709
n_6889_n_22589,0.024650577,28106.86012
n_19358_n_22602,0.278582945,1800.101889
n_14002_n_28275,0.900462126,838.6977437
n_7588_n_22813,0.03295931,23264.19417
n_4478_n_4484,6.794266339,724.7145001
n_9937_n_9938,4.1961596,991.7794639
n_6966_n_6969,1.502765641,600.9056325
n_14045_n_28625,1.271235582,670.0563553
n_23799_n_23800,0.031477928,23971.19966
n_28953_n_28955,2.764725097,1301.296733
n_9911_n_9912,3.288474104,1162.327173
n_322_n_334,1.837402776,1697.832015
n_6695_n_19222,0.050285626,17670.62075
n_14034_n_26042,0.574234466,1124.075229
n_22541_n_22542,1.834303766,1699.698822
n_6707_n_23818,10.52933254,544.8899705
n_13843_n_25970,0.449053162,1319.218223
n_9995_n_23846,0.795699151,2927.549397
n_9457_n_23583,0.571113971,3632.998592
n_6892_n_22590,0.693864507,993.7855352
n_28711_n_1572,9.474207384,3225.28081
n_7720_n_30912,1.243494262,2189.165814
n_3493_n_20881,0.157536222,2608.962434
n_6971_n_6978,1.968074412,504.1287398
n_15622_n_18690,1.367091386,639.0844933
n_10875_n_23849,0.58471866,1110.912916
n_23803_n_23805,7.137984253,701.8011185
n_9505_n_9507,1.522967,595.7046253
n_17890_n_21770,0.016413984,11372.55812
n_9981_n_9983,0.56626477,3653.221794
n_4474_n_30343,0.162402515,8237.508598
n_28501_n_28664,2.82473075,1283.233526
n_6675_n_22537,0.719282273,970.7804054
n_23598_n_23599,0.038337197,21084.09238
n_4474_n_4478,11.92118813,502.5829377
n_6991_n_19358,0.276498128,1808.926263
n_18865_n_18866,0.944911178,2617.653932
n_14000_n_14002,0.387690545,1451.638947
n_28945_n_9477,1.295944118,2131.071874
n_14570_n_26304,0.046934247,5738.81982
n_30066_n_30067,1.949675598,507.2207236
n_9506_n_28954,1.803202246,1718.726733
n_6685_n_28702,2.228691307,1497.308413
n_29006_n_29007,2.880101664,1267.118619
n_10038_n_10039,1.144340324,2310.853033
n_9829_n_9831,1.024823791,2482.899458
n_23596_n_28951,0.147341076,8776.330005
n_4472_n_28471,2.805228949,1289.034055
n_27922_n_27919,0.055778924,16517.32474
n_18298_n_18299,3.282432548,361.3424713
n_18691_n_14194,0.739985272,953.0117615
n_14626_n_15689,2.418721412,440.8066069
n_30897_n_275,4.728149275,5070.75928
n_9902_n_23804,0.084504205,3913.494223
n_6679_n_23782,4.779055743,911.2552797
n_23854_n_30401,5.637917467,818.301749
n_9887_n_18698,0.394883657,4619.450726
n_23848_n_6692,5.359123857,845.7688817
n_6670_n_22541,0.160157376,8312.500819
n_1258_n_4481,1.969623178,1622.73773
n_333_n_19233,0.44263328,4288.615159
n_14510_n_26275,0.640529867,1046.900346
n_324_n_19233,0.331909891,5172.584759
n_22426_n_22427,0.082960947,12755.72018
n_22421_n_22422,0.08205107,3989.271907
n_6905_n_22592,0.135549595,9266.075174
n_14502_n_28299,0.099205543,3525.474569
n_28502_n_30890,1.003738434,781.4613485
n_20153_n_30301,0.158510166,2598.515412
n_23847_n_28670,0.24292241,6338.001924
n_23785_n_9862,1.460428452,1971.583144
n_9458_n_23585,0.048714425,18039.5906
n_2042_n_2416,0.40398881,4551.403344
n_6400_n_18992,8.487585595,194.6811891
n_3497_n_20882,0.600595934,1091.705124
n_26292_n_2106,0.059950416,4893.501895
n_4491_n_28506,2.146536965,476.4318678
n_7591_n_19221,0.038956551,20865.26268
n_14573_n_14574,0.135166155,9283.178891
n_28697_n_6669,1.615285508,1846.381628
n_207_n_30205,0.58556067,1109.872719
n_23773_n_9836,2.309453567,1463.009851
n_9842_n_9856,10.0764566,560.7100745
n_29630_n_30522,1.005526638,2513.81632
n_18270_n_30852,0.294210558,1737.264557
n_7798_n_13721,3.860138897,325.1501617
n_9837_n_23771,0.469758758,4125.73388
n_18303_n_30975,1.631477849,569.6028239
n_18285_n_23853,5.049083739,879.2257055
n_7555_n_22779,0.086812451,12384.39706
n_13721_n_1063,16.11846874,412.9752079
n_18689_n_28669,0.059633968,15814.13198
n_10047_n_10045,2.256406398,1485.309933
n_7701_n_22868,0.286797965,1766.365058
n_9909_n_9906,3.716202069,1073.388911
n_6897_n_7619,5.770357248,806.0255405
n_23779_n_28947,0.746747812,3051.093488
n_17955_n_18292,0.057914679,5004.80396
n_7590_n_22813,0.716116674,3135.431502
n_9838_n_23773,0.026406136,26875.83067
n_9508_n_23787,0.140550979,9050.069387
n_23797_n_23799,2.319294436,1458.965695
n_1048_n_1061,0.154864443,8496.365685
n_25970_n_14783,0.255501707,1904.360281
n_6916_n_6969,0.691106354,996.3656863
n_6901_n_6906,3.921944283,1036.38791
n_3_n_18308,1.804892975,533.3503521
n_6698_n_22546,0.038431404,21050.43213
n_6697_n_6703,2.233273657,1495.307657
n_13964_n_14034,1.268610088,670.9587957
n_18710_n_6692,0.383101113,4711.451559
n_23777_n_9852,3.105801831,1206.387022
n_1517_n_20883,1.743951275,545.4106617
n_6403_n_18867,1.142934199,718.1094862
n_9891_n_23800,5.093344234,874.2442615
n_23771_n_28993,3.250774293,1171.084801
n_10014_n_14521,2.475463008,434.2023204
n_340_n_6907,3.659228695,1084.239346
n_8330_n_28300,7.024961547,709.1311285
n_22548_n_22818,1.310017599,2116.139776
n_14503_n_14505,0.030370407,7618.809893
n_4477_n_30852,0.094349588,11731.02656
n_9834_n_28666,1.818871405,1709.073197
n_1837_n_22549,0.065886891,14820.18432
n_23783_n_28652,3.122744425,1202.121982
n_29872_n_29874,0.005481921,74790.51785
n_19358_n_29661,0.521964554,1196.129454
n_26833_n_28707,0.277383752,1805.164317
n_4169_n_13431,0.276359528,1809.516807
n_7092_n_1924,2.834049506,1280.485084
n_4534_n_14030,0.992364951,787.2803111
n_9948_n_23815,0.757760815,3022.152231
n_15847_n_10239,8.788367519,190.317287
n_8337_n_28300,2.6661152,1332.43058
n_6941_n_30950,0.150439409,8658.234599
n_6967_n_28707,8.061746982,648.3453146
n_19634_n_28668,0.336816914,5123.400881
n_6404_n_6655,1.426227522,2002.23406
n_9821_n_23774,4.312006442,302.5423618
n_18869_n_30522,0.084892977,12565.97657
n_6967_n_6986,1.176073064,704.8711763
n_10017_n_28707,10.67717101,539.9664505
n_28601_n_18137,15.11783357,430.5702891
n_18293_n_18294,3.833914935,326.5962796
n_7719_n_18302,3.315284922,1156.19925
n_6681_n_22521,0.560896994,3675.943739
n_4097_n_21284,0.044688252,5924.976068
n_7619_n_22868,0.804211143,2907.340084
n_89_n_19629,0.050009479,5506.547817
n_9480_n_23599,2.236705449,463.8388882
n_29979_n_30069,1.59385245,1862.50754
n_6956_n_28703,0.913029371,831.1643586
n_9829_n_9832,0.771798642,2986.25336
n_18310_n_9882,2.897332425,391.9237414
n_7011_n_28710,3.562435372,1103.327566
n_15847_n_30957,3.429833201,351.1557304
n_18866_n_18696,2.827368375,1282.454077
n_6677_n_10039,3.306001855,1158.311715
n_29962_n_18703,1.65839276,563.5675648
n_28296_n_10239,2.036618889,493.0173744
n_6912_n_6922,0.733183279,3087.723412
n_28766_n_18866,1.094813403,2378.380598
n_9912_n_23794,0.405812483,4538.077682
n_9910_n_23804,1.06958228,2414.75636
n_9840_n_23774,3.224488763,365.5564559
n_14571_n_26304,0.016525006,11322.75955
n_1514_n_28509,9.184525531,595.5823702
n_30630_n_29240,0.766728161,931.2384989
n_6703_n_7618,3.114278343,1204.2484
n_30412_n_10014,2.394878899,1428.822124
n_6691_n_22549,1.709721747,1779.333287
n_15776_n_26871,1.803443577,533.6293607
n_10240_n_18289,0.428499099,1360.075726
n_207_n_244,0.097943207,3554.988494
n_1850_n_20153,0.914380138,830.3648304
n_28669_n_9419,16.07064382,413.7748593
n_22592_n_6895,1.266472508,2163.226119
n_23775_n_9846,2.454526945,1406.121089
n_9926_n_9928,0.6306311,3405.947796
n_10042_n_23853,1.821960908,1707.185989
n_321_n_19230,1.191120743,2251.357919
n_7602_n_22815,0.54618773,3740.090917
n_9940_n_18298,0.364168463,1512.010003
n_10835_n_24341,0.03322871,7185.503581
n_9839_n_9842,0.399677229,4583.3069
n_22612_n_23778,8.142464657,644.1539629
n_6668_n_22537,0.190137869,2308.281706
n_14523_n_26275,0.278661588,1799.771152
n_4093_n_28470,10.70618564,2978.54878
n_9856_n_9883,0.062572475,15326.61371
n_9913_n_29004,0.346555017,5029.213426
n_9947_n_23818,0.093021929,11839.75468
n_30421_n_18696,0.376017732,4769.041944
n_13841_n_30630,0.505712661,1221.01526
n_10043_n_23856,1.019186266,2491.831623
n_10009_n_29015,3.003443904,1232.995386
n_2106_n_26292,0.059950416,4893.501895
n_18290_n_29007,1.588517998,579.5842831
n_14504_n_26267,0.072223323,4334.743974
n_9892_n_30494,0.299067661,5535.614614
n_27913_n_27914,0.008575886,55889.10145
n_9853_n_23778,1.332162377,2093.172635
n_14492_n_30260,0.152921926,2659.945083
n_6646_n_28470,0.187438255,7503.451029
n_18688_n_29024,0.108712122,10697.31543
n_18689_n_22544,0.3107607,5399.112505
n_6048_n_28509,2.559434603,424.8745472
n_9419_n_9872,1.958298056,1628.840908
n_14576_n_14577,1.629190953,570.1232048
n_9937_n_18295,0.397117824,1429.111014
n_22813_n_28767,0.595038351,3537.227518
n_7089_n_9820,5.127342871,870.4660467
n_28300_n_28301,0.64245951,1044.852273
n_18026_n_28300,1.742631708,545.6794887
n_4534_n_14032,1.722462517,549.8306887
n_9480_n_9484,9.418916124,585.8914457
n_6680_n_22538,0.156370458,2621.60809
n_6659_n_22538,0.704176174,984.2874308
n_1850_n_28509,2.345848465,449.6734151
n_4534_n_4536,4.587366253,935.8666661
n_26265_n_28305,1.665790359,561.9370134
n_15825_n_15826,0.097319227,3569.810501
n_9926_n_30064,0.995790644,2529.789392
n_28106_n_28107,0.426600116,1364.014014
n_6974_n_6976,0.117090535,3164.862141
n_7046_n_22609,1.201988569,694.9400855
n_13431_n_4166,0.242093809,1972.373256
n_319_n_29979,2.858233241,1273.421511
n_18704_n_22427,1.385877599,2039.993899
n_7587_n_19223,0.846333338,2812.304095
n_27917_n_27913,0.397292954,4601.19448
n_9846_n_18698,5.454824555,836.0792978
n_4534_n_7720,1.605318071,575.628397
n_2416_n_20311,0.245505717,6294.50603
n_29000_n_9882,4.168653873,309.275269
n_10029_n_29970,7.800668848,662.390253
n_1069_n_6712,2.124721081,1544.607744
n_18992_n_16911,4.462882649,952.7788171
n_18992_n_22421,0.005074117,78650.60796
n_18992_n_22422,0.071665084,14030.93159
n_10123_n_18704,23.57194424,322.4499794
n_23795_n_23798,4.147662534,999.3134666
n_23823_n_23822,1.12503005,2336.597557
n_23823_n_29012,3.066890682,1216.329308
n_23822_n_29011,4.171487431,995.5942065
n_10048_n_22427,3.404976371,1136.280311
n_18704_n_2416,0.436411184,4328.321875
n_29004_n_23794,2.646704547,1338.783975
n_29008_n_18286,0.006855599,64658.58354
n_10123_n_20980,23.48571565,323.2201961
n_10123_n_29953,21.51350451,342.2132303
n_18704_n_1837,20.01051436,358.7340826
n_18704_n_6133,0.049007853,17969.20274
n_22422_n_6394,1.215205832,2222.208033
n_6133_n_18990,0.089963799,12100.23025
n_18697_n_29970,1.272445093,2156.610622
n_10123_n_18697,14.24475945,447.5713507
n_6712_n_1081,0.016882376,35961.06177
n_6712_n_29228,7.973846478,652.9891707
n_9890_n_23795,0.250093626,6219.091609
n_9890_n_23794,5.260503086,856.0576313
n_9913_n_9914,0.311968056,5385.50049
n_9949_n_18286,1.030505062,2473.979678
n_9951_n_23826,1.975070532,1619.82271
n_9951_n_23827,0.828179199,2852.284428
n_9951_n_18286,14.24433163,447.5801018
n_9951_n_29022,8.357410452,633.3197982
n_23822_n_31016,3.581194062,1099.561761
n_23822_n_9963,1.652283368,1819.360378
